EDDVERSION,CLIENTNAME,SITEAREA,PROGRAM,WorkOrderNo,SUBMISSION,SAMPLINGPROVIDER,SamplerName,SamplingRunID,LOCATIONCODE,LocationDescription,AnalysisPO,LABCODE,LABSAMPLEID,SAMPLETYPE,SUBMITTEDMATRIX,ANALYSISMATRIX,ANALYSISSUBMATRIX,ANALYSISMETHODCATEGORY,ANALYSISMETHOD,SAMPLEDATE,LABREGISTRATIONDATE,AnalysisDate,ANALYSISCOMPLETIONDATE,ParameterCode,PARAMETERNAME,TEST_KEY_CODE,RESULT,Units,POSITIVECONTROL%,SAMPLEVOLUME,SAMPLEVOLUMEUNITS,SAMPLEPROCESSED%,ConfirmedRaw,PresumptiveRaw,PathogenID,LOR,MeasurementOfUncertainty,SURROGATE,RPD,RESULTCOMMENT,RESULTSTATUS,LabCOANo,LabCOADate,LabQAQCNo,LabQAQCDate,ReportComment,SiteComment,"License,"
3,Bobby,MW-W&E,STREAMWAT,,17-20229,ALS WRG,Anonymous,,SPT00161,England,,ALS-MEL,5181626,REG,WATER,WATER,,Colilert (2000),Colilert MPN,25/05/2017 9:15,25/05/2017 15:04,25/05/2017 15:04,26/05/2017 11:58,,E COLI(C),W=W-COLILERT/E COLI(C)_V5,52,orgs/100mL,,,,,,,,0,,N,,,AUTHORISED,,,,,0,,","
3,Bobby,MW-W&E,STREAMWAT,,17-20229,ALS WRG,Anonymous,,SPT00161,England,,ALS-MEL,5181626,REG,WATER,WATER,,DO (Field),Dissolved Oxygen (Field),25/05/2017 9:15,25/05/2017 15:04,25/05/2017 15:04,25/05/2017 15:46,,DISSOLVED OXYGEN,W=F-DO/DISSOLVED OXYGENm_V6,8.74,mg/L,,,,,,,,<0.5,,N,,,AUTHORISED,,,,,0,,","
3,Bobby,MW-W&E,STREAMWAT,,17-20229,ALS WRG,Anonymous,,SPT00161,England,,ALS-MEL,5181626,REG,WATER,WATER,,DO (Field),Dissolved Oxygen (Field),25/05/2017 9:15,25/05/2017 15:04,25/05/2017 15:04,25/05/2017 15:46,,DO PERCENT,W=F-DO/DO PERCENT_V6,82.6,%,,,,,,,,<5,,N,,,AUTHORISED,,,,,0,,","
3,Bobby,MW-W&E,STREAMWAT,,17-20229,ALS WRG,Anonymous,,SPT00161,England,,ALS-MEL,5181626,REG,WATER,WATER,,EC (Field),Electrical Conductivity (Field),25/05/2017 9:15,25/05/2017 15:04,25/05/2017 15:04,25/05/2017 15:46,,ELECTRICAL CONDUCTIVITY (FIELD),W=F-EC/ELECTRICAL CONDUCTIVITY (FIELD)u_V5,1700,uS/cm,,,,,,,,<10,,N,,,AUTHORISED,,,,,0,,","
3,Bobby,MW-W&E,STREAMWAT,,17-20229,ALS WRG,Anonymous,,SPT00161,England,,ALS-MEL,5181626,REG,WATER,WATER,,Gauge,Gauge Height,25/05/2017 9:15,25/05/2017 15:04,25/05/2017 15:04,25/05/2017 15:44,,GAUGE HEIGHT,W=F-GAUGE/GAUGE HEIGHTM_V3,0.15,M,,,,,,,,,,N,,,AUTHORISED,,,,,0,,","
3,Bobby,MW-W&E,STREAMWAT,,17-20229,ALS WRG,Anonymous,,SPT00161,England,,ALS-MEL,5181626,REG,WATER,WATER,,MS Total Metals,MS Total Metals - Low Level,25/05/2017 9:15,25/05/2017 15:04,25/05/2017 15:04,29/05/2017 11:17,,AS,W=W-MSTOT-L/ASm_V5,<0.001,mg/L,,,,,,,,<0.001,,N,,,AUTHORISED,,,,,0,,","
3,Bobby,MW-W&E,STREAMWAT,,17-20229,ALS WRG,Anonymous,,SPT00161,England,,ALS-MEL,5181626,REG,WATER,WATER,,MS Total Metals,MS Total Metals - Low Level,25/05/2017 9:15,25/05/2017 15:04,25/05/2017 15:04,29/05/2017 11:17,,CD,W=W-MSTOT-L/CDm_V5,<0.0002,mg/L,,,,,,,,<0.0002,,N,,,AUTHORISED,,,,,0,,","
3,Bobby,MW-W&E,STREAMWAT,,17-20229,ALS WRG,Anonymous,,SPT00161,England,,ALS-MEL,5181626,REG,WATER,WATER,,MS Total Metals,MS Total Metals - Low Level,25/05/2017 9:15,25/05/2017 15:04,25/05/2017 15:04,29/05/2017 11:17,,CR,W=W-MSTOT-L/CRm_V5,<0.001,mg/L,,,,,,,,<0.001,,N,,,AUTHORISED,,,,,0,,","
3,Bobby,MW-W&E,STREAMWAT,,17-20229,ALS WRG,Anonymous,,SPT00161,England,,ALS-MEL,5181626,REG,WATER,WATER,,MS Total Metals,MS Total Metals - Low Level,25/05/2017 9:15,25/05/2017 15:04,25/05/2017 15:04,29/05/2017 11:17,,CU,W=W-MSTOT-L/CUm_V5,0.002,mg/L,,,,,,,,<0.001,,N,,,AUTHORISED,,,,,0,,","
3,Bobby,MW-W&E,STREAMWAT,,17-20229,ALS WRG,Anonymous,,SPT00161,England,,ALS-MEL,5181626,REG,WATER,WATER,,MS Total Metals,MS Total Metals - Low Level,25/05/2017 9:15,25/05/2017 15:04,25/05/2017 15:04,29/05/2017 11:17,,NI,W=W-MSTOT-L/NIm_V5,0.004,mg/L,,,,,,,,<0.001,,N,,,AUTHORISED,,,,,0,,","
3,Bobby,MW-W&E,STREAMWAT,,17-20229,ALS WRG,Anonymous,,SPT00161,England,,ALS-MEL,5181626,REG,WATER,WATER,,MS Total Metals,MS Total Metals - Low Level,25/05/2017 9:15,25/05/2017 15:04,25/05/2017 15:04,29/05/2017 11:17,,PB,W=W-MSTOT-L/PBm_V5,<0.001,mg/L,,,,,,,,<0.001,,N,,,AUTHORISED,,,,,0,,","
3,Bobby,MW-W&E,STREAMWAT,,17-20229,ALS WRG,Anonymous,,SPT00161,England,,ALS-MEL,5181626,REG,WATER,WATER,,MS Total Metals,MS Total Metals - Low Level,25/05/2017 9:15,25/05/2017 15:04,25/05/2017 15:04,29/05/2017 11:17,,ZN,W=W-MSTOT-L/ZNm_V5,0.041,mg/L,,,,,,,,<0.001,,N,,,AUTHORISED,,,,,0,,","
3,Bobby,MW-W&E,STREAMWAT,,17-20229,ALS WRG,Anonymous,,SPT00161,England,,ALS-MEL,5181626,REG,WATER,WATER,,NH3 as N (LL),Ammonia as N (L),25/05/2017 9:15,25/05/2017 15:04,25/05/2017 15:04,30/05/2017 14:02,,AMMONIA_LL,W=W-NH3-LL/AMMONIA_LLm_V2,<0.002,mg N / L,,,,,,,,<0.002,,N,,,AUTHORISED,,,,,0,,","
3,Bobby,MW-W&E,STREAMWAT,,17-20229,ALS WRG,Anonymous,,SPT00161,England,,ALS-MEL,5181626,REG,WATER,WATER,,NO2 as N (SFA),Nitrite as N,25/05/2017 9:15,25/05/2017 15:04,25/05/2017 15:04,30/05/2017 14:04,,NITRITE,W=W-NO2-L/NITRITEm_V1,0.003,mg N / L,,,,,,,,<0.002,,N,,,AUTHORISED,,,,,0,,","
3,Bobby,MW-W&E,STREAMWAT,,17-20229,ALS WRG,Anonymous,,SPT00161,England,,ALS-MEL,5181626,REG,WATER,WATER,,NO3 as N (SFA),Nitrate as N,25/05/2017 9:15,25/05/2017 15:04,25/05/2017 15:04,30/05/2017 14:06,,NITRATE,W=W-NO3-L/NITRATEm_V4,0.036,mg N / L,,,,,,,,<0.003,,N,,,AUTHORISED,,,,,0,,","
3,Bobby,MW-W&E,STREAMWAT,,17-20229,ALS WRG,Anonymous,,SPT00161,England,,ALS-MEL,5181626,REG,WATER,WATER,,pH (Field),pH (Field),25/05/2017 9:15,25/05/2017 15:04,25/05/2017 15:04,25/05/2017 15:44,,PH (FIELD),W=F-PH/PH (FIELD)U_V5,7.9,Units,,,,,,,,,,N,,,AUTHORISED,,,,,0,,","
3,Bobby,MW-W&E,STREAMWAT,,17-20229,ALS WRG,Anonymous,,SPT00161,England,,ALS-MEL,5181626,REG,WATER,WATER,,Reactive P (LL-F),"Phosphorus, reactive as P (Filtered)",25/05/2017 9:15,25/05/2017 15:04,25/05/2017 15:04,30/05/2017 14:07,,PHOSPHATE_LL_Filt,W=W-PO4-F-L/PHOSPHATE_LL_Filtm_V1,0.02,mg P / L,,,,,,,,<0.003,,N,,,AUTHORISED,,,,,0,,
3,Bobby,MW-W&E,STREAMWAT,,17-20229,ALS WRG,Anonymous,,SPT00161,England,,ALS-MEL,5181626,REG,WATER,WATER,,SS at 104+/- 2°C,SS at 104+/- 2°C,25/05/2017 9:15,25/05/2017 15:04,25/05/2017 15:04,26/05/2017 12:33,,SUS SOLIDS,W=W-SLDSS/SUS SOLIDSm_V3,<2,mg/L,,,,,,,,<2,,N,,,AUTHORISED,,,,,0,,","
3,Bobby,MW-W&E,STREAMWAT,,17-20229,ALS WRG,Anonymous,,SPT00161,England,,ALS-MEL,5181626,REG,WATER,WATER,,Temp (Field),Field Temperature,25/05/2017 9:15,25/05/2017 15:04,25/05/2017 15:04,25/05/2017 15:44,,TEMPERATURE,W=F-TEMP/TEMPERATURE_V5,12.9,°C,,,,,,,,,,N,,,AUTHORISED,,,,,0,,","
3,Bobby,MW-W&E,STREAMWAT,,17-20229,ALS WRG,Anonymous,,SPT00161,England,,ALS-MEL,5181626,REG,WATER,WATER,,TKN (Calc),TKN (Calculation),25/05/2017 9:15,25/05/2017 15:04,25/05/2017 15:04,31/05/2017 14:14,,TKN_TN_CALC,W=W-TKNTNCAL/TKN_TN_CALCm_V1,0.2,mg/L,,,,,,,,<0.01,,N,,,AUTHORISED,,,,,0,,","
3,Bobby,MW-W&E,STREAMWAT,,17-20229,ALS WRG,Anonymous,,SPT00161,England,,ALS-MEL,5181626,REG,WATER,WATER,,TN/TP (LL),TN/TP (LL),25/05/2017 9:15,25/05/2017 15:04,25/05/2017 15:04,31/05/2017 12:56,,TN_LL,W=W-TNTP-L/TN_LLm_V1,0.24,mg N / L,,,,,,,,<0.01,,N,,,AUTHORISED,,,,,0,,","
3,Bobby,MW-W&E,STREAMWAT,,17-20229,ALS WRG,Anonymous,,SPT00161,England,,ALS-MEL,5181626,REG,WATER,WATER,,TN/TP (LL),TN/TP (LL),25/05/2017 9:15,25/05/2017 15:04,25/05/2017 15:04,31/05/2017 12:56,,TOTAL_P_LL,W=W-TNTP-L/TOTAL_P_LLm_V1,0.033,mg P / L,,,,,,,,<0.005,,N,,,AUTHORISED,,,,,0,,","
3,Bobby,MW-W&E,STREAMWAT,,17-20229,ALS WRG,Anonymous,,SPT00161,England,,ALS-MEL,5181626,REG,WATER,WATER,,Turbidity (Field),Turbidity (Field),25/05/2017 9:15,25/05/2017 15:04,25/05/2017 15:04,25/05/2017 15:46,,TURBIDITY (FIELD),W=F-TURBID/TURBIDITY (FIELD)_V4,2,NTU,,,,,,,,<1,,N,,,AUTHORISED,,,,,0,,","
3,Bobby,MW-W&E,STREAMWAT,,17-20229,ALS WRG,Anonymous,,SPT00161,England,,ALS-MEL,5181626,REG,WATER,WATER,,Water Flow,Water Flow,25/05/2017 9:15,25/05/2017 15:04,25/05/2017 15:04,25/05/2017 15:44,,FLOW(DAY)-MLDAY,W=F-FLOW/FLOW(DAY)-MLDAYM_V5,Low,ML/day,,,,,,,,,,N,,,AUTHORISED,,,,,0,,","
3,Bobby,MW-W&E,STREAMWAT,,17-20229,ALS WRG,Anonymous,,SPT00160,England,,ALS-MEL,5181627,REG,WATER,WATER,,Colilert (2000),Colilert MPN,25/05/2017 12:15,25/05/2017 15:04,25/05/2017 15:04,26/05/2017 11:58,,E COLI(C),W=W-COLILERT/E COLI(C)_V5,270,orgs/100mL,,,,,,,,0,,N,,,AUTHORISED,,,,,0,DO reading high. Checked by sampler,","
3,Bobby,MW-W&E,STREAMWAT,,17-20229,ALS WRG,Anonymous,,SPT00160,England,,ALS-MEL,5181627,REG,WATER,WATER,,DO (Field),Dissolved Oxygen (Field),25/05/2017 12:15,25/05/2017 15:04,25/05/2017 15:04,25/05/2017 15:46,,DISSOLVED OXYGEN,W=F-DO/DISSOLVED OXYGENm_V6,16.24,mg/L,,,,,,,,<0.5,,N,,,AUTHORISED,,,,,0,DO reading high. Checked by sampler,","
3,Bobby,MW-W&E,STREAMWAT,,17-20229,ALS WRG,Anonymous,,SPT00160,England,,ALS-MEL,5181627,REG,WATER,WATER,,DO (Field),Dissolved Oxygen (Field),25/05/2017 12:15,25/05/2017 15:04,25/05/2017 15:04,25/05/2017 15:46,,DO PERCENT,W=F-DO/DO PERCENT_V6,163.2,%,,,,,,,,<5,,N,,,AUTHORISED,,,,,0,DO reading high. Checked by sampler,","
3,Bobby,MW-W&E,STREAMWAT,,17-20229,ALS WRG,Anonymous,,SPT00160,England,,ALS-MEL,5181627,REG,WATER,WATER,,EC (Field),Electrical Conductivity (Field),25/05/2017 12:15,25/05/2017 15:04,25/05/2017 15:04,25/05/2017 15:46,,ELECTRICAL CONDUCTIVITY (FIELD),W=F-EC/ELECTRICAL CONDUCTIVITY (FIELD)u_V5,350,uS/cm,,,,,,,,<10,,N,,,AUTHORISED,,,,,0,DO reading high. Checked by sampler,","
3,Bobby,MW-W&E,STREAMWAT,,17-20229,ALS WRG,Anonymous,,SPT00160,England,,ALS-MEL,5181627,REG,WATER,WATER,,Gauge,Gauge Height,25/05/2017 12:15,25/05/2017 15:04,25/05/2017 15:04,25/05/2017 15:44,,GAUGE HEIGHT,W=F-GAUGE/GAUGE HEIGHTM_V3,0,M,,,,,,,,,,N,,,AUTHORISED,,,,,0,DO reading high. Checked by sampler,","
3,Bobby,MW-W&E,STREAMWAT,,17-20229,ALS WRG,Anonymous,,SPT00160,England,,ALS-MEL,5181627,REG,WATER,WATER,,MS Total Metals,MS Total Metals - Low Level,25/05/2017 12:15,25/05/2017 15:04,25/05/2017 15:04,29/05/2017 11:17,,AS,W=W-MSTOT-L/ASm_V5,0.006,mg/L,,,,,,,,<0.001,,N,,,AUTHORISED,,,,,0,DO reading high. Checked by sampler,","
3,Bobby,MW-W&E,STREAMWAT,,17-20229,ALS WRG,Anonymous,,SPT00160,England,,ALS-MEL,5181627,REG,WATER,WATER,,MS Total Metals,MS Total Metals - Low Level,25/05/2017 12:15,25/05/2017 15:04,25/05/2017 15:04,29/05/2017 11:17,,CD,W=W-MSTOT-L/CDm_V5,<0.0002,mg/L,,,,,,,,<0.0002,,N,,,AUTHORISED,,,,,0,DO reading high. Checked by sampler,","
3,Bobby,MW-W&E,STREAMWAT,,17-20229,ALS WRG,Anonymous,,SPT00160,England,,ALS-MEL,5181627,REG,WATER,WATER,,MS Total Metals,MS Total Metals - Low Level,25/05/2017 12:15,25/05/2017 15:04,25/05/2017 15:04,29/05/2017 11:17,,CR,W=W-MSTOT-L/CRm_V5,0.001,mg/L,,,,,,,,<0.001,,N,,,AUTHORISED,,,,,0,DO reading high. Checked by sampler,","
3,Bobby,MW-W&E,STREAMWAT,,17-20229,ALS WRG,Anonymous,,SPT00160,England,,ALS-MEL,5181627,REG,WATER,WATER,,MS Total Metals,MS Total Metals - Low Level,25/05/2017 12:15,25/05/2017 15:04,25/05/2017 15:04,29/05/2017 11:17,,CU,W=W-MSTOT-L/CUm_V5,0.005,mg/L,,,,,,,,<0.001,,N,,,AUTHORISED,,,,,0,DO reading high. Checked by sampler,","
3,Bobby,MW-W&E,STREAMWAT,,17-20229,ALS WRG,Anonymous,,SPT00160,England,,ALS-MEL,5181627,REG,WATER,WATER,,MS Total Metals,MS Total Metals - Low Level,25/05/2017 12:15,25/05/2017 15:04,25/05/2017 15:04,29/05/2017 11:17,,NI,W=W-MSTOT-L/NIm_V5,0.004,mg/L,,,,,,,,<0.001,,N,,,AUTHORISED,,,,,0,DO reading high. Checked by sampler,","
3,Bobby,MW-W&E,STREAMWAT,,17-20229,ALS WRG,Anonymous,,SPT00160,England,,ALS-MEL,5181627,REG,WATER,WATER,,MS Total Metals,MS Total Metals - Low Level,25/05/2017 12:15,25/05/2017 15:04,25/05/2017 15:04,29/05/2017 11:17,,PB,W=W-MSTOT-L/PBm_V5,0.002,mg/L,,,,,,,,<0.001,,N,,,AUTHORISED,,,,,0,DO reading high. Checked by sampler,","
3,Bobby,MW-W&E,STREAMWAT,,17-20229,ALS WRG,Anonymous,,SPT00160,England,,ALS-MEL,5181627,REG,WATER,WATER,,MS Total Metals,MS Total Metals - Low Level,25/05/2017 12:15,25/05/2017 15:04,25/05/2017 15:04,29/05/2017 11:17,,ZN,W=W-MSTOT-L/ZNm_V5,0.06,mg/L,,,,,,,,<0.001,,N,,,AUTHORISED,,,,,0,DO reading high. Checked by sampler,","
3,Bobby,MW-W&E,STREAMWAT,,17-20229,ALS WRG,Anonymous,,SPT00160,England,,ALS-MEL,5181627,REG,WATER,WATER,,NH3 as N (LL),Ammonia as N (L),25/05/2017 12:15,25/05/2017 15:04,25/05/2017 15:04,30/05/2017 14:02,,AMMONIA_LL,W=W-NH3-LL/AMMONIA_LLm_V2,<0.002,mg N / L,,,,,,,,<0.002,,N,,,AUTHORISED,,,,,0,DO reading high. Checked by sampler,","
3,Bobby,MW-W&E,STREAMWAT,,17-20229,ALS WRG,Anonymous,,SPT00160,England,,ALS-MEL,5181627,REG,WATER,WATER,,NO2 as N (SFA),Nitrite as N,25/05/2017 12:15,25/05/2017 15:04,25/05/2017 15:04,30/05/2017 14:04,,NITRITE,W=W-NO2-L/NITRITEm_V1,0.003,mg N / L,,,,,,,,<0.002,,N,,,AUTHORISED,,,,,0,DO reading high. Checked by sampler,","
3,Bobby,MW-W&E,STREAMWAT,,17-20229,ALS WRG,Anonymous,,SPT00160,England,,ALS-MEL,5181627,REG,WATER,WATER,,NO3 as N (SFA),Nitrate as N,25/05/2017 12:15,25/05/2017 15:04,25/05/2017 15:04,30/05/2017 14:06,,NITRATE,W=W-NO3-L/NITRATEm_V4,<0.003,mg N / L,,,,,,,,<0.003,,N,,,AUTHORISED,,,,,0,DO reading high. Checked by sampler,","
3,Bobby,MW-W&E,STREAMWAT,,17-20229,ALS WRG,Anonymous,,SPT00160,England,,ALS-MEL,5181627,REG,WATER,WATER,,pH,pH,25/05/2017 12:15,25/05/2017 15:04,25/05/2017 15:04,26/05/2017 15:21,,PH,W=W-PH/PHU_V3,8.9,Units,,,,,,,,,,N,,,AUTHORISED,,,,,0,DO reading high. Checked by sampler,","
3,Bobby,MW-W&E,STREAMWAT,,17-20229,ALS WRG,Anonymous,,SPT00160,England,,ALS-MEL,5181627,REG,WATER,WATER,,pH (Field),pH (Field),25/05/2017 12:15,25/05/2017 15:04,25/05/2017 15:04,25/05/2017 15:44,,PH (FIELD),W=F-PH/PH (FIELD)U_V5,9.1,Units,,,,,,,,,,N,,,AUTHORISED,,,,,0,DO reading high. Checked by sampler,","
3,Bobby,MW-W&E,STREAMWAT,,17-20229,ALS WRG,Anonymous,,SPT00160,England,,ALS-MEL,5181627,REG,WATER,WATER,,Reactive P (LL-F),"Phosphorus, reactive as P (Filtered)",25/05/2017 12:15,25/05/2017 15:04,25/05/2017 15:04,30/05/2017 14:07,,PHOSPHATE_LL_Filt,W=W-PO4-F-L/PHOSPHATE_LL_Filtm_V1,0.42,mg P / L,,,,,,,,<0.003,,N,,,AUTHORISED,,,,,0,DO reading high. Checked by sampler,
3,Bobby,MW-W&E,STREAMWAT,,17-20229,ALS WRG,Anonymous,,SPT00160,England,,ALS-MEL,5181627,REG,WATER,WATER,,SS at 104+/- 2°C,SS at 104+/- 2°C,25/05/2017 12:15,25/05/2017 15:04,25/05/2017 15:04,26/05/2017 12:33,,SUS SOLIDS,W=W-SLDSS/SUS SOLIDSm_V3,6,mg/L,,,,,,,,<2,,N,,,AUTHORISED,,,,,0,DO reading high. Checked by sampler,","
3,Bobby,MW-W&E,STREAMWAT,,17-20229,ALS WRG,Anonymous,,SPT00160,England,,ALS-MEL,5181627,REG,WATER,WATER,,Temp (Field),Field Temperature,25/05/2017 12:15,25/05/2017 15:04,25/05/2017 15:04,25/05/2017 15:44,,TEMPERATURE,W=F-TEMP/TEMPERATURE_V5,16.2,°C,,,,,,,,,,N,,,AUTHORISED,,,,,0,DO reading high. Checked by sampler,","
3,Bobby,MW-W&E,STREAMWAT,,17-20229,ALS WRG,Anonymous,,SPT00160,England,,ALS-MEL,5181627,REG,WATER,WATER,,TKN (Calc),TKN (Calculation),25/05/2017 12:15,25/05/2017 15:04,25/05/2017 15:04,31/05/2017 14:14,,TKN_TN_CALC,W=W-TKNTNCAL/TKN_TN_CALCm_V1,0.29,mg/L,,,,,,,,<0.01,,N,,,AUTHORISED,,,,,0,DO reading high. Checked by sampler,","
3,Bobby,MW-W&E,STREAMWAT,,17-20229,ALS WRG,Anonymous,,SPT00160,England,,ALS-MEL,5181627,REG,WATER,WATER,,TN/TP (LL),TN/TP (LL),25/05/2017 12:15,25/05/2017 15:04,25/05/2017 15:04,31/05/2017 12:56,,TN_LL,W=W-TNTP-L/TN_LLm_V1,0.29,mg N / L,,,,,,,,<0.01,,N,,,AUTHORISED,,,,,0,DO reading high. Checked by sampler,","
3,Bobby,MW-W&E,STREAMWAT,,17-20229,ALS WRG,Anonymous,,SPT00160,England,,ALS-MEL,5181627,REG,WATER,WATER,,TN/TP (LL),TN/TP (LL),25/05/2017 12:15,25/05/2017 15:04,25/05/2017 15:04,31/05/2017 12:56,,TOTAL_P_LL,W=W-TNTP-L/TOTAL_P_LLm_V1,0.47,mg P / L,,,,,,,,<0.005,,N,,,AUTHORISED,,,,,0,DO reading high. Checked by sampler,","
3,Bobby,MW-W&E,STREAMWAT,,17-20229,ALS WRG,Anonymous,,SPT00160,England,,ALS-MEL,5181627,REG,WATER,WATER,,Turbidity (Field),Turbidity (Field),25/05/2017 12:15,25/05/2017 15:04,25/05/2017 15:04,25/05/2017 15:46,,TURBIDITY (FIELD),W=F-TURBID/TURBIDITY (FIELD)_V4,6,NTU,,,,,,,,<1,,N,,,AUTHORISED,,,,,0,DO reading high. Checked by sampler,","
3,Bobby,MW-W&E,STREAMWAT,,17-20229,ALS WRG,Anonymous,,SPT00160,England,,ALS-MEL,5181627,REG,WATER,WATER,,Water Flow,Water Flow,25/05/2017 12:15,25/05/2017 15:04,25/05/2017 15:04,25/05/2017 15:44,,FLOW(DAY)-MLDAY,W=F-FLOW/FLOW(DAY)-MLDAYM_V5,Very Low,ML/day,,,,,,,,,,N,,,AUTHORISED,,,,,0,DO reading high. Checked by sampler,","
3,Bobby,MW-W&E,STREAMWAT,,17-20229,ALS WRG,Anonymous,,SPT00159,England,,ALS-MEL,5181628,REG,WATER,WATER,,Water Flow,Water Flow,25/05/2017 9:40,25/05/2017 15:38,25/05/2017 15:38,25/05/2017 15:44,,FLOW(DAY)-MLDAY,W=F-FLOW/FLOW(DAY)-MLDAYM_V5,0,ML/day,,,,,,,,,,N,,,AUTHORISED,,,,,0,No access,","
3,Bobby,MW-W&E,STREAMWAT,,17-20229,ALS WRG,Anonymous,,SPT00158,England,,ALS-MEL,5181629,REG,WATER,WATER,,Colilert (2000),Colilert MPN,25/05/2017 11:30,25/05/2017 15:04,25/05/2017 15:04,26/05/2017 11:58,,E COLI(C),W=W-COLILERT/E COLI(C)_V5,160,orgs/100mL,,,,,,,,0,,N,,,AUTHORISED,,,,,0,,","
3,Bobby,MW-W&E,STREAMWAT,,17-20229,ALS WRG,Anonymous,,SPT00158,England,,ALS-MEL,5181629,REG,WATER,WATER,,DO (Field),Dissolved Oxygen (Field),25/05/2017 11:30,25/05/2017 15:04,25/05/2017 15:04,25/05/2017 15:46,,DISSOLVED OXYGEN,W=F-DO/DISSOLVED OXYGENm_V6,3.33,mg/L,,,,,,,,<0.5,,N,,,AUTHORISED,,,,,0,,","
3,Bobby,MW-W&E,STREAMWAT,,17-20229,ALS WRG,Anonymous,,SPT00158,England,,ALS-MEL,5181629,REG,WATER,WATER,,DO (Field),Dissolved Oxygen (Field),25/05/2017 11:30,25/05/2017 15:04,25/05/2017 15:04,25/05/2017 15:46,,DO PERCENT,W=F-DO/DO PERCENT_V6,31.8,%,,,,,,,,<5,,N,,,AUTHORISED,,,,,0,,","
3,Bobby,MW-W&E,STREAMWAT,,17-20229,ALS WRG,Anonymous,,SPT00158,England,,ALS-MEL,5181629,REG,WATER,WATER,,EC (Field),Electrical Conductivity (Field),25/05/2017 11:30,25/05/2017 15:04,25/05/2017 15:04,25/05/2017 15:46,,ELECTRICAL CONDUCTIVITY (FIELD),W=F-EC/ELECTRICAL CONDUCTIVITY (FIELD)u_V5,4300,uS/cm,,,,,,,,<10,,N,,,AUTHORISED,,,,,0,,","
3,Bobby,MW-W&E,STREAMWAT,,17-20229,ALS WRG,Anonymous,,SPT00158,England,,ALS-MEL,5181629,REG,WATER,WATER,,Gauge,Gauge Height,25/05/2017 11:30,25/05/2017 15:04,25/05/2017 15:04,25/05/2017 15:44,,GAUGE HEIGHT,W=F-GAUGE/GAUGE HEIGHTM_V3,NR,M,,,,,,,,,,N,,NREQ,AUTHORISED,,,,,0,,","
3,Bobby,MW-W&E,STREAMWAT,,17-20229,ALS WRG,Anonymous,,SPT00158,England,,ALS-MEL,5181629,REG,WATER,WATER,,MS Total Metals,MS Total Metals - Low Level,25/05/2017 11:30,25/05/2017 15:04,25/05/2017 15:04,29/05/2017 11:17,,AS,W=W-MSTOT-L/ASm_V5,0.003,mg/L,,,,,,,,<0.001,,N,,,AUTHORISED,,,,,0,,","
3,Bobby,MW-W&E,STREAMWAT,,17-20229,ALS WRG,Anonymous,,SPT00158,England,,ALS-MEL,5181629,REG,WATER,WATER,,MS Total Metals,MS Total Metals - Low Level,25/05/2017 11:30,25/05/2017 15:04,25/05/2017 15:04,29/05/2017 11:17,,CD,W=W-MSTOT-L/CDm_V5,<0.0002,mg/L,,,,,,,,<0.0002,,N,,,AUTHORISED,,,,,0,,","
3,Bobby,MW-W&E,STREAMWAT,,17-20229,ALS WRG,Anonymous,,SPT00158,England,,ALS-MEL,5181629,REG,WATER,WATER,,MS Total Metals,MS Total Metals - Low Level,25/05/2017 11:30,25/05/2017 15:04,25/05/2017 15:04,29/05/2017 11:17,,CR,W=W-MSTOT-L/CRm_V5,<0.001,mg/L,,,,,,,,<0.001,,N,,,AUTHORISED,,,,,0,,","
3,Bobby,MW-W&E,STREAMWAT,,17-20229,ALS WRG,Anonymous,,SPT00158,England,,ALS-MEL,5181629,REG,WATER,WATER,,MS Total Metals,MS Total Metals - Low Level,25/05/2017 11:30,25/05/2017 15:04,25/05/2017 15:04,29/05/2017 11:17,,CU,W=W-MSTOT-L/CUm_V5,0.002,mg/L,,,,,,,,<0.001,,N,,,AUTHORISED,,,,,0,,","
3,Bobby,MW-W&E,STREAMWAT,,17-20229,ALS WRG,Anonymous,,SPT00158,England,,ALS-MEL,5181629,REG,WATER,WATER,,MS Total Metals,MS Total Metals - Low Level,25/05/2017 11:30,25/05/2017 15:04,25/05/2017 15:04,29/05/2017 11:17,,NI,W=W-MSTOT-L/NIm_V5,0.009,mg/L,,,,,,,,<0.001,,N,,,AUTHORISED,,,,,0,,","
3,Bobby,MW-W&E,STREAMWAT,,17-20229,ALS WRG,Anonymous,,SPT00158,England,,ALS-MEL,5181629,REG,WATER,WATER,,MS Total Metals,MS Total Metals - Low Level,25/05/2017 11:30,25/05/2017 15:04,25/05/2017 15:04,29/05/2017 11:17,,PB,W=W-MSTOT-L/PBm_V5,0.001,mg/L,,,,,,,,<0.001,,N,,,AUTHORISED,,,,,0,,","
3,Bobby,MW-W&E,STREAMWAT,,17-20229,ALS WRG,Anonymous,,SPT00158,England,,ALS-MEL,5181629,REG,WATER,WATER,,MS Total Metals,MS Total Metals - Low Level,25/05/2017 11:30,25/05/2017 15:04,25/05/2017 15:04,29/05/2017 11:17,,ZN,W=W-MSTOT-L/ZNm_V5,0.086,mg/L,,,,,,,,<0.001,,N,,,AUTHORISED,,,,,0,,","
3,Bobby,MW-W&E,STREAMWAT,,17-20229,ALS WRG,Anonymous,,SPT00158,England,,ALS-MEL,5181629,REG,WATER,WATER,,NH3 as N (DA),Ammonia as N,25/05/2017 11:30,25/05/2017 15:04,25/05/2017 15:04,31/05/2017 13:45,,AMMONIA_DA,W=W-NH3-DA/AMMONIA_DAm_V2,2.6,mg N / L,,,,,,,,<0.1,,N,,,AUTHORISED,,,,,0,,","
3,Bobby,MW-W&E,STREAMWAT,,17-20229,ALS WRG,Anonymous,,SPT00158,England,,ALS-MEL,5181629,REG,WATER,WATER,,NO2 as N (SFA),Nitrite as N,25/05/2017 11:30,25/05/2017 15:04,25/05/2017 15:04,30/05/2017 14:04,,NITRITE,W=W-NO2-L/NITRITEm_V1,0.019,mg N / L,,,,,,,,<0.002,,N,,,AUTHORISED,,,,,0,,","
3,Bobby,MW-W&E,STREAMWAT,,17-20229,ALS WRG,Anonymous,,SPT00158,England,,ALS-MEL,5181629,REG,WATER,WATER,,NO3 as N (SFA),Nitrate as N,25/05/2017 11:30,25/05/2017 15:04,25/05/2017 15:04,30/05/2017 14:06,,NITRATE,W=W-NO3-L/NITRATEm_V4,0.074,mg N / L,,,,,,,,<0.003,,N,,,AUTHORISED,,,,,0,,","
3,Bobby,MW-W&E,STREAMWAT,,17-20229,ALS WRG,Anonymous,,SPT00158,England,,ALS-MEL,5181629,REG,WATER,WATER,,pH (Field),pH (Field),25/05/2017 11:30,25/05/2017 15:04,25/05/2017 15:04,25/05/2017 15:44,,PH (FIELD),W=F-PH/PH (FIELD)U_V5,7.3,Units,,,,,,,,,,N,,,AUTHORISED,,,,,0,,","
3,Bobby,MW-W&E,STREAMWAT,,17-20229,ALS WRG,Anonymous,,SPT00158,England,,ALS-MEL,5181629,REG,WATER,WATER,,Reactive P (HL),"Phosphorus, reactive as P",25/05/2017 11:30,25/05/2017 15:04,25/05/2017 15:04,31/05/2017 13:32,,PHOSPHATE_HL,W=W-PO4-H/PHOSPHATE_HLm_V3,1,mg P / L,,,,,,,,<0.01,,N,,,AUTHORISED,,,,,0,,
3,Bobby,MW-W&E,STREAMWAT,,17-20229,ALS WRG,Anonymous,,SPT00158,England,,ALS-MEL,5181629,REG,WATER,WATER,,SS at 104+/- 2°C,SS at 104+/- 2°C,25/05/2017 11:30,25/05/2017 15:04,25/05/2017 15:04,26/05/2017 12:33,,SUS SOLIDS,W=W-SLDSS/SUS SOLIDSm_V3,3,mg/L,,,,,,,,<2,,N,,,AUTHORISED,,,,,0,,","
3,Bobby,MW-W&E,STREAMWAT,,17-20229,ALS WRG,Anonymous,,SPT00158,England,,ALS-MEL,5181629,REG,WATER,WATER,,Temp (Field),Field Temperature,25/05/2017 11:30,25/05/2017 15:04,25/05/2017 15:04,25/05/2017 15:44,,TEMPERATURE,W=F-TEMP/TEMPERATURE_V5,13.4,°C,,,,,,,,,,N,,,AUTHORISED,,,,,0,,","
3,Bobby,MW-W&E,STREAMWAT,,17-20229,ALS WRG,Anonymous,,SPT00158,England,,ALS-MEL,5181629,REG,WATER,WATER,,TKN (Calc),TKN (Calculation),25/05/2017 11:30,25/05/2017 15:04,25/05/2017 15:04,31/05/2017 14:14,,TKN_TN_CALC,W=W-TKNTNCAL/TKN_TN_CALCm_V1,5,mg/L,,,,,,,,<0.01,,N,,,AUTHORISED,,,,,0,,","
3,Bobby,MW-W&E,STREAMWAT,,17-20229,ALS WRG,Anonymous,,SPT00158,England,,ALS-MEL,5181629,REG,WATER,WATER,,TN/TP (LL),TN/TP (LL),25/05/2017 11:30,25/05/2017 15:04,25/05/2017 15:04,31/05/2017 12:56,,TN_LL,W=W-TNTP-L/TN_LLm_V1,5.1,mg N / L,,,,,,,,<0.01,,N,,,AUTHORISED,,,,,0,,","
3,Bobby,MW-W&E,STREAMWAT,,17-20229,ALS WRG,Anonymous,,SPT00158,England,,ALS-MEL,5181629,REG,WATER,WATER,,TN/TP (LL),TN/TP (LL),25/05/2017 11:30,25/05/2017 15:04,25/05/2017 15:04,31/05/2017 12:56,,TOTAL_P_LL,W=W-TNTP-L/TOTAL_P_LLm_V1,1.6,mg P / L,,,,,,,,<0.005,,N,,,AUTHORISED,,,,,0,,","
3,Bobby,MW-W&E,STREAMWAT,,17-20229,ALS WRG,Anonymous,,SPT00158,England,,ALS-MEL,5181629,REG,WATER,WATER,,Turbidity (Field),Turbidity (Field),25/05/2017 11:30,25/05/2017 15:04,25/05/2017 15:04,25/05/2017 15:46,,TURBIDITY (FIELD),W=F-TURBID/TURBIDITY (FIELD)_V4,4,NTU,,,,,,,,<1,,N,,,AUTHORISED,,,,,0,,","
3,Bobby,MW-W&E,STREAMWAT,,17-20229,ALS WRG,Anonymous,,SPT00158,England,,ALS-MEL,5181629,REG,WATER,WATER,,Water Flow,Water Flow,25/05/2017 11:30,25/05/2017 15:04,25/05/2017 15:04,25/05/2017 15:44,,FLOW(DAY)-MLDAY,W=F-FLOW/FLOW(DAY)-MLDAYM_V5,Very Low,ML/day,,,,,,,,,,N,,,AUTHORISED,,,,,0,,","
3,Bobby,MW-W&E,STREAMWAT,,17-20229,ALS WRG,Anonymous,,SPT00108,England,,ALS-MEL,5181630,REG,WATER,WATER,,Colilert (2000),Colilert MPN,25/05/2017 10:00,25/05/2017 15:04,25/05/2017 15:04,26/05/2017 11:58,,E COLI(C),W=W-COLILERT/E COLI(C)_V5,120,orgs/100mL,,,,,,,,0,,N,,,AUTHORISED,,,,,0,,","
3,Bobby,MW-W&E,STREAMWAT,,17-20229,ALS WRG,Anonymous,,SPT00108,England,,ALS-MEL,5181630,REG,WATER,WATER,,DO (Field),Dissolved Oxygen (Field),25/05/2017 10:00,25/05/2017 15:04,25/05/2017 15:04,25/05/2017 15:46,,DISSOLVED OXYGEN,W=F-DO/DISSOLVED OXYGENm_V6,7.67,mg/L,,,,,,,,<0.5,,N,,,AUTHORISED,,,,,0,,","
3,Bobby,MW-W&E,STREAMWAT,,17-20229,ALS WRG,Anonymous,,SPT00108,England,,ALS-MEL,5181630,REG,WATER,WATER,,DO (Field),Dissolved Oxygen (Field),25/05/2017 10:00,25/05/2017 15:04,25/05/2017 15:04,25/05/2017 15:46,,DO PERCENT,W=F-DO/DO PERCENT_V6,73.1,%,,,,,,,,<5,,N,,,AUTHORISED,,,,,0,,","
3,Bobby,MW-W&E,STREAMWAT,,17-20229,ALS WRG,Anonymous,,SPT00108,England,,ALS-MEL,5181630,REG,WATER,WATER,,EC (Field),Electrical Conductivity (Field),25/05/2017 10:00,25/05/2017 15:04,25/05/2017 15:04,25/05/2017 15:46,,ELECTRICAL CONDUCTIVITY (FIELD),W=F-EC/ELECTRICAL CONDUCTIVITY (FIELD)u_V5,1600,uS/cm,,,,,,,,<10,,N,,,AUTHORISED,,,,,0,,","
3,Bobby,MW-W&E,STREAMWAT,,17-20229,ALS WRG,Anonymous,,SPT00108,England,,ALS-MEL,5181630,REG,WATER,WATER,,Gauge,Gauge Height,25/05/2017 10:00,25/05/2017 15:04,25/05/2017 15:04,25/05/2017 15:44,,GAUGE HEIGHT,W=F-GAUGE/GAUGE HEIGHTM_V3,NR,M,,,,,,,,,,N,,NREQ,AUTHORISED,,,,,0,,","
3,Bobby,MW-W&E,STREAMWAT,,17-20229,ALS WRG,Anonymous,,SPT00108,England,,ALS-MEL,5181630,REG,WATER,WATER,,MS Total Metals,MS Total Metals - Low Level,25/05/2017 10:00,25/05/2017 15:04,25/05/2017 15:04,29/05/2017 11:17,,AS,W=W-MSTOT-L/ASm_V5,0.001,mg/L,,,,,,,,<0.001,,N,,,AUTHORISED,,,,,0,,","
3,Bobby,MW-W&E,STREAMWAT,,17-20229,ALS WRG,Anonymous,,SPT00108,England,,ALS-MEL,5181630,REG,WATER,WATER,,MS Total Metals,MS Total Metals - Low Level,25/05/2017 10:00,25/05/2017 15:04,25/05/2017 15:04,29/05/2017 11:17,,CD,W=W-MSTOT-L/CDm_V5,<0.0002,mg/L,,,,,,,,<0.0002,,N,,,AUTHORISED,,,,,0,,","
3,Bobby,MW-W&E,STREAMWAT,,17-20229,ALS WRG,Anonymous,,SPT00108,England,,ALS-MEL,5181630,REG,WATER,WATER,,MS Total Metals,MS Total Metals - Low Level,25/05/2017 10:00,25/05/2017 15:04,25/05/2017 15:04,29/05/2017 11:17,,CR,W=W-MSTOT-L/CRm_V5,0.001,mg/L,,,,,,,,<0.001,,N,,,AUTHORISED,,,,,0,,","
3,Bobby,MW-W&E,STREAMWAT,,17-20229,ALS WRG,Anonymous,,SPT00108,England,,ALS-MEL,5181630,REG,WATER,WATER,,MS Total Metals,MS Total Metals - Low Level,25/05/2017 10:00,25/05/2017 15:04,25/05/2017 15:04,29/05/2017 11:17,,CU,W=W-MSTOT-L/CUm_V5,0.002,mg/L,,,,,,,,<0.001,,N,,,AUTHORISED,,,,,0,,","
3,Bobby,MW-W&E,STREAMWAT,,17-20229,ALS WRG,Anonymous,,SPT00108,England,,ALS-MEL,5181630,REG,WATER,WATER,,MS Total Metals,MS Total Metals - Low Level,25/05/2017 10:00,25/05/2017 15:04,25/05/2017 15:04,29/05/2017 11:17,,NI,W=W-MSTOT-L/NIm_V5,0.004,mg/L,,,,,,,,<0.001,,N,,,AUTHORISED,,,,,0,,","
3,Bobby,MW-W&E,STREAMWAT,,17-20229,ALS WRG,Anonymous,,SPT00108,England,,ALS-MEL,5181630,REG,WATER,WATER,,MS Total Metals,MS Total Metals - Low Level,25/05/2017 10:00,25/05/2017 15:04,25/05/2017 15:04,29/05/2017 11:17,,PB,W=W-MSTOT-L/PBm_V5,<0.001,mg/L,,,,,,,,<0.001,,N,,,AUTHORISED,,,,,0,,","
3,Bobby,MW-W&E,STREAMWAT,,17-20229,ALS WRG,Anonymous,,SPT00108,England,,ALS-MEL,5181630,REG,WATER,WATER,,MS Total Metals,MS Total Metals - Low Level,25/05/2017 10:00,25/05/2017 15:04,25/05/2017 15:04,29/05/2017 11:17,,ZN,W=W-MSTOT-L/ZNm_V5,0.009,mg/L,,,,,,,,<0.001,,N,,,AUTHORISED,,,,,0,,","
3,Bobby,MW-W&E,STREAMWAT,,17-20229,ALS WRG,Anonymous,,SPT00108,England,,ALS-MEL,5181630,REG,WATER,WATER,,NH3 as N (LL),Ammonia as N (L),25/05/2017 10:00,25/05/2017 15:04,25/05/2017 15:04,30/05/2017 14:02,,AMMONIA_LL,W=W-NH3-LL/AMMONIA_LLm_V2,0.004,mg N / L,,,,,,,,<0.002,,N,,,AUTHORISED,,,,,0,,","
3,Bobby,MW-W&E,STREAMWAT,,17-20229,ALS WRG,Anonymous,,SPT00108,England,,ALS-MEL,5181630,REG,WATER,WATER,,NO2 as N (SFA),Nitrite as N,25/05/2017 10:00,25/05/2017 15:04,25/05/2017 15:04,30/05/2017 14:04,,NITRITE,W=W-NO2-L/NITRITEm_V1,0.004,mg N / L,,,,,,,,<0.002,,N,,,AUTHORISED,,,,,0,,","
3,Bobby,MW-W&E,STREAMWAT,,17-20229,ALS WRG,Anonymous,,SPT00108,England,,ALS-MEL,5181630,REG,WATER,WATER,,NO3 as N (SFA),Nitrate as N,25/05/2017 10:00,25/05/2017 15:04,25/05/2017 15:04,30/05/2017 14:06,,NITRATE,W=W-NO3-L/NITRATEm_V4,0.07,mg N / L,,,,,,,,<0.003,,N,,,AUTHORISED,,,,,0,,","
3,Bobby,MW-W&E,STREAMWAT,,17-20229,ALS WRG,Anonymous,,SPT00108,England,,ALS-MEL,5181630,REG,WATER,WATER,,pH (Field),pH (Field),25/05/2017 10:00,25/05/2017 15:04,25/05/2017 15:04,25/05/2017 15:44,,PH (FIELD),W=F-PH/PH (FIELD)U_V5,7.6,Units,,,,,,,,,,N,,,AUTHORISED,,,,,0,,","
3,Bobby,MW-W&E,STREAMWAT,,17-20229,ALS WRG,Anonymous,,SPT00108,England,,ALS-MEL,5181630,REG,WATER,WATER,,Reactive P (LL-F),"Phosphorus, reactive as P (Filtered)",25/05/2017 10:00,25/05/2017 15:04,25/05/2017 15:04,30/05/2017 14:07,,PHOSPHATE_LL_Filt,W=W-PO4-F-L/PHOSPHATE_LL_Filtm_V1,0.012,mg P / L,,,,,,,,<0.003,,N,,,AUTHORISED,,,,,0,,
3,Bobby,MW-W&E,STREAMWAT,,17-20229,ALS WRG,Anonymous,,SPT00108,England,,ALS-MEL,5181630,REG,WATER,WATER,,SS at 104+/- 2°C,SS at 104+/- 2°C,25/05/2017 10:00,25/05/2017 15:04,25/05/2017 15:04,26/05/2017 12:33,,SUS SOLIDS,W=W-SLDSS/SUS SOLIDSm_V3,4,mg/L,,,,,,,,<2,,N,,,AUTHORISED,,,,,0,,","
3,Bobby,MW-W&E,STREAMWAT,,17-20229,ALS WRG,Anonymous,,SPT00108,England,,ALS-MEL,5181630,REG,WATER,WATER,,Temp (Field),Field Temperature,25/05/2017 10:00,25/05/2017 15:04,25/05/2017 15:04,25/05/2017 15:44,,TEMPERATURE,W=F-TEMP/TEMPERATURE_V5,13,°C,,,,,,,,,,N,,,AUTHORISED,,,,,0,,","
3,Bobby,MW-W&E,STREAMWAT,,17-20229,ALS WRG,Anonymous,,SPT00108,England,,ALS-MEL,5181630,REG,WATER,WATER,,TKN (Calc),TKN (Calculation),25/05/2017 10:00,25/05/2017 15:04,25/05/2017 15:04,31/05/2017 14:14,,TKN_TN_CALC,W=W-TKNTNCAL/TKN_TN_CALCm_V1,0.58,mg/L,,,,,,,,<0.01,,N,,,AUTHORISED,,,,,0,,","
3,Bobby,MW-W&E,STREAMWAT,,17-20229,ALS WRG,Anonymous,,SPT00108,England,,ALS-MEL,5181630,REG,WATER,WATER,,TN/TP (LL),TN/TP (LL),25/05/2017 10:00,25/05/2017 15:04,25/05/2017 15:04,31/05/2017 12:56,,TN_LL,W=W-TNTP-L/TN_LLm_V1,0.65,mg N / L,,,,,,,,<0.01,,N,,,AUTHORISED,,,,,0,,","
3,Bobby,MW-W&E,STREAMWAT,,17-20229,ALS WRG,Anonymous,,SPT00108,England,,ALS-MEL,5181630,REG,WATER,WATER,,TN/TP (LL),TN/TP (LL),25/05/2017 10:00,25/05/2017 15:04,25/05/2017 15:04,31/05/2017 12:56,,TOTAL_P_LL,W=W-TNTP-L/TOTAL_P_LLm_V1,0.055,mg P / L,,,,,,,,<0.005,,N,,,AUTHORISED,,,,,0,,","
3,Bobby,MW-W&E,STREAMWAT,,17-20229,ALS WRG,Anonymous,,SPT00108,England,,ALS-MEL,5181630,REG,WATER,WATER,,Turbidity (Field),Turbidity (Field),25/05/2017 10:00,25/05/2017 15:04,25/05/2017 15:04,25/05/2017 15:46,,TURBIDITY (FIELD),W=F-TURBID/TURBIDITY (FIELD)_V4,12,NTU,,,,,,,,<1,,N,,,AUTHORISED,,,,,0,,","
3,Bobby,MW-W&E,STREAMWAT,,17-20229,ALS WRG,Anonymous,,SPT00108,England,,ALS-MEL,5181630,REG,WATER,WATER,,Water Flow,Water Flow,25/05/2017 10:00,25/05/2017 15:04,25/05/2017 15:04,25/05/2017 15:44,,FLOW(DAY)-MLDAY,W=F-FLOW/FLOW(DAY)-MLDAYM_V5,Low,ML/day,,,,,,,,,,N,,,AUTHORISED,,,,,0,,","
3,Bobby,MW-W&E,STREAMWAT,,17-20229,ALS WRG,Anonymous,,SPT00157,England,,ALS-MEL,5181631,REG,WATER,WATER,,Colilert (2000),Colilert MPN,25/05/2017 11:45,25/05/2017 15:04,25/05/2017 15:04,26/05/2017 11:58,,E COLI(C),W=W-COLILERT/E COLI(C)_V5,120,orgs/100mL,,,,,,,,0,,N,,,AUTHORISED,,,,,0,unable to read gauge,","
3,Bobby,MW-W&E,STREAMWAT,,17-20229,ALS WRG,Anonymous,,SPT00157,England,,ALS-MEL,5181631,REG,WATER,WATER,,DO (Field),Dissolved Oxygen (Field),25/05/2017 11:45,25/05/2017 15:04,25/05/2017 15:04,25/05/2017 15:46,,DISSOLVED OXYGEN,W=F-DO/DISSOLVED OXYGENm_V6,10.31,mg/L,,,,,,,,<0.5,,N,,,AUTHORISED,,,,,0,unable to read gauge,","
3,Bobby,MW-W&E,STREAMWAT,,17-20229,ALS WRG,Anonymous,,SPT00157,England,,ALS-MEL,5181631,REG,WATER,WATER,,DO (Field),Dissolved Oxygen (Field),25/05/2017 11:45,25/05/2017 15:04,25/05/2017 15:04,25/05/2017 15:46,,DO PERCENT,W=F-DO/DO PERCENT_V6,101.3,%,,,,,,,,<5,,N,,,AUTHORISED,,,,,0,unable to read gauge,","
3,Bobby,MW-W&E,STREAMWAT,,17-20229,ALS WRG,Anonymous,,SPT00157,England,,ALS-MEL,5181631,REG,WATER,WATER,,EC (Field),Electrical Conductivity (Field),25/05/2017 11:45,25/05/2017 15:04,25/05/2017 15:04,25/05/2017 15:46,,ELECTRICAL CONDUCTIVITY (FIELD),W=F-EC/ELECTRICAL CONDUCTIVITY (FIELD)u_V5,38000,uS/cm,,,,,,,,<10,,N,,,AUTHORISED,,,,,0,unable to read gauge,","
3,Bobby,MW-W&E,STREAMWAT,,17-20229,ALS WRG,Anonymous,,SPT00157,England,,ALS-MEL,5181631,REG,WATER,WATER,,Gauge,Gauge Height,25/05/2017 11:45,25/05/2017 15:04,25/05/2017 15:04,25/05/2017 15:44,,GAUGE HEIGHT,W=F-GAUGE/GAUGE HEIGHTM_V3,NR,M,,,,,,,,,,N,,GOBS,AUTHORISED,,,,,0,unable to read gauge,","
3,Bobby,MW-W&E,STREAMWAT,,17-20229,ALS WRG,Anonymous,,SPT00157,England,,ALS-MEL,5181631,REG,WATER,WATER,,MS Total Metals,MS Total Metals - Low Level,25/05/2017 11:45,25/05/2017 15:04,25/05/2017 15:04,29/05/2017 11:17,,AS,W=W-MSTOT-L/ASm_V5,0.002,mg/L,,,,,,,,<0.001,,N,,,AUTHORISED,,,,,0,unable to read gauge,","
3,Bobby,MW-W&E,STREAMWAT,,17-20229,ALS WRG,Anonymous,,SPT00157,England,,ALS-MEL,5181631,REG,WATER,WATER,,MS Total Metals,MS Total Metals - Low Level,25/05/2017 11:45,25/05/2017 15:04,25/05/2017 15:04,29/05/2017 11:17,,CD,W=W-MSTOT-L/CDm_V5,<0.0002,mg/L,,,,,,,,<0.0002,,N,,,AUTHORISED,,,,,0,unable to read gauge,","
3,Bobby,MW-W&E,STREAMWAT,,17-20229,ALS WRG,Anonymous,,SPT00157,England,,ALS-MEL,5181631,REG,WATER,WATER,,MS Total Metals,MS Total Metals - Low Level,25/05/2017 11:45,25/05/2017 15:04,25/05/2017 15:04,29/05/2017 11:17,,CR,W=W-MSTOT-L/CRm_V5,<0.001,mg/L,,,,,,,,<0.001,,N,,,AUTHORISED,,,,,0,unable to read gauge,","
3,Bobby,MW-W&E,STREAMWAT,,17-20229,ALS WRG,Anonymous,,SPT00157,England,,ALS-MEL,5181631,REG,WATER,WATER,,MS Total Metals,MS Total Metals - Low Level,25/05/2017 11:45,25/05/2017 15:04,25/05/2017 15:04,29/05/2017 11:17,,CU,W=W-MSTOT-L/CUm_V5,0.002,mg/L,,,,,,,,<0.001,,N,,,AUTHORISED,,,,,0,unable to read gauge,","
3,Bobby,MW-W&E,STREAMWAT,,17-20229,ALS WRG,Anonymous,,SPT00157,England,,ALS-MEL,5181631,REG,WATER,WATER,,MS Total Metals,MS Total Metals - Low Level,25/05/2017 11:45,25/05/2017 15:04,25/05/2017 15:04,29/05/2017 11:17,,NI,W=W-MSTOT-L/NIm_V5,0.003,mg/L,,,,,,,,<0.001,,N,,,AUTHORISED,,,,,0,unable to read gauge,","
3,Bobby,MW-W&E,STREAMWAT,,17-20229,ALS WRG,Anonymous,,SPT00157,England,,ALS-MEL,5181631,REG,WATER,WATER,,MS Total Metals,MS Total Metals - Low Level,25/05/2017 11:45,25/05/2017 15:04,25/05/2017 15:04,29/05/2017 11:17,,PB,W=W-MSTOT-L/PBm_V5,0.002,mg/L,,,,,,,,<0.001,,N,,,AUTHORISED,,,,,0,unable to read gauge,","
3,Bobby,MW-W&E,STREAMWAT,,17-20229,ALS WRG,Anonymous,,SPT00157,England,,ALS-MEL,5181631,REG,WATER,WATER,,MS Total Metals,MS Total Metals - Low Level,25/05/2017 11:45,25/05/2017 15:04,25/05/2017 15:04,29/05/2017 11:17,,ZN,W=W-MSTOT-L/ZNm_V5,0.011,mg/L,,,,,,,,<0.001,,N,,,AUTHORISED,,,,,0,unable to read gauge,","
3,Bobby,MW-W&E,STREAMWAT,,17-20229,ALS WRG,Anonymous,,SPT00157,England,,ALS-MEL,5181631,REG,WATER,WATER,,NH3 as N (LL),Ammonia as N (L),25/05/2017 11:45,25/05/2017 15:04,25/05/2017 15:04,30/05/2017 14:02,,AMMONIA_LL,W=W-NH3-LL/AMMONIA_LLm_V2,0.011,mg N / L,,,,,,,,<0.002,,N,,,AUTHORISED,,,,,0,unable to read gauge,","
3,Bobby,MW-W&E,STREAMWAT,,17-20229,ALS WRG,Anonymous,,SPT00157,England,,ALS-MEL,5181631,REG,WATER,WATER,,NO2 as N (SFA),Nitrite as N,25/05/2017 11:45,25/05/2017 15:04,25/05/2017 15:04,30/05/2017 14:04,,NITRITE,W=W-NO2-L/NITRITEm_V1,0.006,mg N / L,,,,,,,,<0.002,,N,,,AUTHORISED,,,,,0,unable to read gauge,","
3,Bobby,MW-W&E,STREAMWAT,,17-20229,ALS WRG,Anonymous,,SPT00157,England,,ALS-MEL,5181631,REG,WATER,WATER,,NO3 as N (SFA),Nitrate as N,25/05/2017 11:45,25/05/2017 15:04,25/05/2017 15:04,30/05/2017 14:06,,NITRATE,W=W-NO3-L/NITRATEm_V4,0.21,mg N / L,,,,,,,,<0.003,,N,,,AUTHORISED,,,,,0,unable to read gauge,","
3,Bobby,MW-W&E,STREAMWAT,,17-20229,ALS WRG,Anonymous,,SPT00157,England,,ALS-MEL,5181631,REG,WATER,WATER,,pH (Field),pH (Field),25/05/2017 11:45,25/05/2017 15:04,25/05/2017 15:04,25/05/2017 15:44,,PH (FIELD),W=F-PH/PH (FIELD)U_V5,8.1,Units,,,,,,,,,,N,,,AUTHORISED,,,,,0,unable to read gauge,","
3,Bobby,MW-W&E,STREAMWAT,,17-20229,ALS WRG,Anonymous,,SPT00157,England,,ALS-MEL,5181631,REG,WATER,WATER,,Reactive P (LL-F),"Phosphorus, reactive as P (Filtered)",25/05/2017 11:45,25/05/2017 15:04,25/05/2017 15:04,30/05/2017 14:07,,PHOSPHATE_LL_Filt,W=W-PO4-F-L/PHOSPHATE_LL_Filtm_V1,0.024,mg P / L,,,,,,,,<0.003,,N,,,AUTHORISED,,,,,0,unable to read gauge,
3,Bobby,MW-W&E,STREAMWAT,,17-20229,ALS WRG,Anonymous,,SPT00157,England,,ALS-MEL,5181631,REG,WATER,WATER,,SS at 104+/- 2°C,SS at 104+/- 2°C,25/05/2017 11:45,25/05/2017 15:04,25/05/2017 15:04,26/05/2017 12:33,,SUS SOLIDS,W=W-SLDSS/SUS SOLIDSm_V3,28,mg/L,,,,,,,,<2,,N,,,AUTHORISED,,,,,0,unable to read gauge,","
3,Bobby,MW-W&E,STREAMWAT,,17-20229,ALS WRG,Anonymous,,SPT00157,England,,ALS-MEL,5181631,REG,WATER,WATER,,Temp (Field),Field Temperature,25/05/2017 11:45,25/05/2017 15:04,25/05/2017 15:04,25/05/2017 15:44,,TEMPERATURE,W=F-TEMP/TEMPERATURE_V5,15.2,°C,,,,,,,,,,N,,,AUTHORISED,,,,,0,unable to read gauge,","
3,Bobby,MW-W&E,STREAMWAT,,17-20229,ALS WRG,Anonymous,,SPT00157,England,,ALS-MEL,5181631,REG,WATER,WATER,,TKN (Calc),TKN (Calculation),25/05/2017 11:45,25/05/2017 15:04,25/05/2017 15:04,31/05/2017 14:14,,TKN_TN_CALC,W=W-TKNTNCAL/TKN_TN_CALCm_V1,0.85,mg/L,,,,,,,,<0.01,,N,,,AUTHORISED,,,,,0,unable to read gauge,","
3,Bobby,MW-W&E,STREAMWAT,,17-20229,ALS WRG,Anonymous,,SPT00157,England,,ALS-MEL,5181631,REG,WATER,WATER,,TN/TP (LL),TN/TP (LL),25/05/2017 11:45,25/05/2017 15:04,25/05/2017 15:04,31/05/2017 12:56,,TN_LL,W=W-TNTP-L/TN_LLm_V1,1.1,mg N / L,,,,,,,,<0.01,,N,,,AUTHORISED,,,,,0,unable to read gauge,","
3,Bobby,MW-W&E,STREAMWAT,,17-20229,ALS WRG,Anonymous,,SPT00157,England,,ALS-MEL,5181631,REG,WATER,WATER,,TN/TP (LL),TN/TP (LL),25/05/2017 11:45,25/05/2017 15:04,25/05/2017 15:04,31/05/2017 12:56,,TOTAL_P_LL,W=W-TNTP-L/TOTAL_P_LLm_V1,0.14,mg P / L,,,,,,,,<0.005,,N,,,AUTHORISED,,,,,0,unable to read gauge,","
3,Bobby,MW-W&E,STREAMWAT,,17-20229,ALS WRG,Anonymous,,SPT00157,England,,ALS-MEL,5181631,REG,WATER,WATER,,Turbidity (Field),Turbidity (Field),25/05/2017 11:45,25/05/2017 15:04,25/05/2017 15:04,25/05/2017 15:46,,TURBIDITY (FIELD),W=F-TURBID/TURBIDITY (FIELD)_V4,9,NTU,,,,,,,,<1,,N,,,AUTHORISED,,,,,0,unable to read gauge,","
3,Bobby,MW-W&E,STREAMWAT,,17-20229,ALS WRG,Anonymous,,SPT00157,England,,ALS-MEL,5181631,REG,WATER,WATER,,Water Flow,Water Flow,25/05/2017 11:45,25/05/2017 15:04,25/05/2017 15:04,25/05/2017 15:44,,FLOW(DAY)-MLDAY,W=F-FLOW/FLOW(DAY)-MLDAYM_V5,Low,ML/day,,,,,,,,,,N,,,AUTHORISED,,,,,0,unable to read gauge,","
3,Bobby,MW-W&E,STREAMWAT,,17-20229,ALS WRG,Anonymous,,SPT00156,England,,ALS-MEL,5181632,REG,WATER,WATER,,Colilert (2000),Colilert MPN,25/05/2017 11:05,25/05/2017 15:04,25/05/2017 15:04,26/05/2017 11:58,,E COLI(C),W=W-COLILERT/E COLI(C)_V5,30,orgs/100mL,,,,,,,,0,,N,,,AUTHORISED,,,,,0,,","
3,Bobby,MW-W&E,STREAMWAT,,17-20229,ALS WRG,Anonymous,,SPT00156,England,,ALS-MEL,5181632,REG,WATER,WATER,,DO (Field),Dissolved Oxygen (Field),25/05/2017 11:05,25/05/2017 15:04,25/05/2017 15:04,25/05/2017 15:46,,DISSOLVED OXYGEN,W=F-DO/DISSOLVED OXYGENm_V6,7.11,mg/L,,,,,,,,<0.5,,N,,,AUTHORISED,,,,,0,,","
3,Bobby,MW-W&E,STREAMWAT,,17-20229,ALS WRG,Anonymous,,SPT00156,England,,ALS-MEL,5181632,REG,WATER,WATER,,DO (Field),Dissolved Oxygen (Field),25/05/2017 11:05,25/05/2017 15:04,25/05/2017 15:04,25/05/2017 15:46,,DO PERCENT,W=F-DO/DO PERCENT_V6,68.8,%,,,,,,,,<5,,N,,,AUTHORISED,,,,,0,,","
3,Bobby,MW-W&E,STREAMWAT,,17-20229,ALS WRG,Anonymous,,SPT00156,England,,ALS-MEL,5181632,REG,WATER,WATER,,EC (Field),Electrical Conductivity (Field),25/05/2017 11:05,25/05/2017 15:04,25/05/2017 15:04,25/05/2017 15:46,,ELECTRICAL CONDUCTIVITY (FIELD),W=F-EC/ELECTRICAL CONDUCTIVITY (FIELD)u_V5,1900,uS/cm,,,,,,,,<10,,N,,,AUTHORISED,,,,,0,,","
3,Bobby,MW-W&E,STREAMWAT,,17-20229,ALS WRG,Anonymous,,SPT00156,England,,ALS-MEL,5181632,REG,WATER,WATER,,Gauge,Gauge Height,25/05/2017 11:05,25/05/2017 15:04,25/05/2017 15:04,25/05/2017 15:44,,GAUGE HEIGHT,W=F-GAUGE/GAUGE HEIGHTM_V3,NR,M,,,,,,,,,,N,,NREQ,AUTHORISED,,,,,0,,","
3,Bobby,MW-W&E,STREAMWAT,,17-20229,ALS WRG,Anonymous,,SPT00156,England,,ALS-MEL,5181632,REG,WATER,WATER,,MS Total Metals,MS Total Metals - Low Level,25/05/2017 11:05,25/05/2017 15:04,25/05/2017 15:04,29/05/2017 11:17,,AS,W=W-MSTOT-L/ASm_V5,<0.001,mg/L,,,,,,,,<0.001,,N,,,AUTHORISED,,,,,0,,","
3,Bobby,MW-W&E,STREAMWAT,,17-20229,ALS WRG,Anonymous,,SPT00156,England,,ALS-MEL,5181632,REG,WATER,WATER,,MS Total Metals,MS Total Metals - Low Level,25/05/2017 11:05,25/05/2017 15:04,25/05/2017 15:04,29/05/2017 11:17,,CD,W=W-MSTOT-L/CDm_V5,<0.0002,mg/L,,,,,,,,<0.0002,,N,,,AUTHORISED,,,,,0,,","
3,Bobby,MW-W&E,STREAMWAT,,17-20229,ALS WRG,Anonymous,,SPT00156,England,,ALS-MEL,5181632,REG,WATER,WATER,,MS Total Metals,MS Total Metals - Low Level,25/05/2017 11:05,25/05/2017 15:04,25/05/2017 15:04,29/05/2017 11:17,,CR,W=W-MSTOT-L/CRm_V5,0.001,mg/L,,,,,,,,<0.001,,N,,,AUTHORISED,,,,,0,,","
3,Bobby,MW-W&E,STREAMWAT,,17-20229,ALS WRG,Anonymous,,SPT00156,England,,ALS-MEL,5181632,REG,WATER,WATER,,MS Total Metals,MS Total Metals - Low Level,25/05/2017 11:05,25/05/2017 15:04,25/05/2017 15:04,29/05/2017 11:17,,CU,W=W-MSTOT-L/CUm_V5,0.002,mg/L,,,,,,,,<0.001,,N,,,AUTHORISED,,,,,0,,","
3,Bobby,MW-W&E,STREAMWAT,,17-20229,ALS WRG,Anonymous,,SPT00156,England,,ALS-MEL,5181632,REG,WATER,WATER,,MS Total Metals,MS Total Metals - Low Level,25/05/2017 11:05,25/05/2017 15:04,25/05/2017 15:04,29/05/2017 11:17,,NI,W=W-MSTOT-L/NIm_V5,0.005,mg/L,,,,,,,,<0.001,,N,,,AUTHORISED,,,,,0,,","
3,Bobby,MW-W&E,STREAMWAT,,17-20229,ALS WRG,Anonymous,,SPT00156,England,,ALS-MEL,5181632,REG,WATER,WATER,,MS Total Metals,MS Total Metals - Low Level,25/05/2017 11:05,25/05/2017 15:04,25/05/2017 15:04,29/05/2017 11:17,,PB,W=W-MSTOT-L/PBm_V5,0.001,mg/L,,,,,,,,<0.001,,N,,,AUTHORISED,,,,,0,,","
3,Bobby,MW-W&E,STREAMWAT,,17-20229,ALS WRG,Anonymous,,SPT00156,England,,ALS-MEL,5181632,REG,WATER,WATER,,MS Total Metals,MS Total Metals - Low Level,25/05/2017 11:05,25/05/2017 15:04,25/05/2017 15:04,29/05/2017 11:17,,ZN,W=W-MSTOT-L/ZNm_V5,0.02,mg/L,,,,,,,,<0.001,,N,,,AUTHORISED,,,,,0,,","
3,Bobby,MW-W&E,STREAMWAT,,17-20229,ALS WRG,Anonymous,,SPT00156,England,,ALS-MEL,5181632,REG,WATER,WATER,,NH3 as N (LL),Ammonia as N (L),25/05/2017 11:05,25/05/2017 15:04,25/05/2017 15:04,30/05/2017 14:02,,AMMONIA_LL,W=W-NH3-LL/AMMONIA_LLm_V2,0.56,mg N / L,,,,,,,,<0.002,,N,,,AUTHORISED,,,,,0,,","
3,Bobby,MW-W&E,STREAMWAT,,17-20229,ALS WRG,Anonymous,,SPT00156,England,,ALS-MEL,5181632,REG,WATER,WATER,,NO2 as N (SFA),Nitrite as N,25/05/2017 11:05,25/05/2017 15:04,25/05/2017 15:04,30/05/2017 14:04,,NITRITE,W=W-NO2-L/NITRITEm_V1,0.019,mg N / L,,,,,,,,<0.002,,N,,,AUTHORISED,,,,,0,,","
3,Bobby,MW-W&E,STREAMWAT,,17-20229,ALS WRG,Anonymous,,SPT00156,England,,ALS-MEL,5181632,REG,WATER,WATER,,NO3 as N (SFA),Nitrate as N,25/05/2017 11:05,25/05/2017 15:04,25/05/2017 15:04,30/05/2017 14:06,,NITRATE,W=W-NO3-L/NITRATEm_V4,0.16,mg N / L,,,,,,,,<0.003,,N,,,AUTHORISED,,,,,0,,","
3,Bobby,MW-W&E,STREAMWAT,,17-20229,ALS WRG,Anonymous,,SPT00156,England,,ALS-MEL,5181632,REG,WATER,WATER,,pH (Field),pH (Field),25/05/2017 11:05,25/05/2017 15:04,25/05/2017 15:04,25/05/2017 15:44,,PH (FIELD),W=F-PH/PH (FIELD)U_V5,7.5,Units,,,,,,,,,,N,,,AUTHORISED,,,,,0,,","
3,Bobby,MW-W&E,STREAMWAT,,17-20229,ALS WRG,Anonymous,,SPT00156,England,,ALS-MEL,5181632,REG,WATER,WATER,,Reactive P (LL-F),"Phosphorus, reactive as P (Filtered)",25/05/2017 11:05,25/05/2017 15:04,25/05/2017 15:04,30/05/2017 14:07,,PHOSPHATE_LL_Filt,W=W-PO4-F-L/PHOSPHATE_LL_Filtm_V1,0.016,mg P / L,,,,,,,,<0.003,,N,,,AUTHORISED,,,,,0,,
3,Bobby,MW-W&E,STREAMWAT,,17-20229,ALS WRG,Anonymous,,SPT00156,England,,ALS-MEL,5181632,REG,WATER,WATER,,SS at 104+/- 2°C,SS at 104+/- 2°C,25/05/2017 11:05,25/05/2017 15:04,25/05/2017 15:04,26/05/2017 12:33,,SUS SOLIDS,W=W-SLDSS/SUS SOLIDSm_V3,15,mg/L,,,,,,,,<2,,N,,,AUTHORISED,,,,,0,,","
3,Bobby,MW-W&E,STREAMWAT,,17-20229,ALS WRG,Anonymous,,SPT00156,England,,ALS-MEL,5181632,REG,WATER,WATER,,Temp (Field),Field Temperature,25/05/2017 11:05,25/05/2017 15:04,25/05/2017 15:04,25/05/2017 15:44,,TEMPERATURE,W=F-TEMP/TEMPERATURE_V5,13.3,°C,,,,,,,,,,N,,,AUTHORISED,,,,,0,,","
3,Bobby,MW-W&E,STREAMWAT,,17-20229,ALS WRG,Anonymous,,SPT00156,England,,ALS-MEL,5181632,REG,WATER,WATER,,TKN (Calc),TKN (Calculation),25/05/2017 11:05,25/05/2017 15:04,25/05/2017 15:04,31/05/2017 14:14,,TKN_TN_CALC,W=W-TKNTNCAL/TKN_TN_CALCm_V1,1,mg/L,,,,,,,,<0.01,,N,,,AUTHORISED,,,,,0,,","
3,Bobby,MW-W&E,STREAMWAT,,17-20229,ALS WRG,Anonymous,,SPT00156,England,,ALS-MEL,5181632,REG,WATER,WATER,,TN/TP (LL),TN/TP (LL),25/05/2017 11:05,25/05/2017 15:04,25/05/2017 15:04,31/05/2017 12:56,,TN_LL,W=W-TNTP-L/TN_LLm_V1,1.2,mg N / L,,,,,,,,<0.01,,N,,,AUTHORISED,,,,,0,,","
3,Bobby,MW-W&E,STREAMWAT,,17-20229,ALS WRG,Anonymous,,SPT00156,England,,ALS-MEL,5181632,REG,WATER,WATER,,TN/TP (LL),TN/TP (LL),25/05/2017 11:05,25/05/2017 15:04,25/05/2017 15:04,31/05/2017 12:56,,TOTAL_P_LL,W=W-TNTP-L/TOTAL_P_LLm_V1,0.032,mg P / L,,,,,,,,<0.005,,N,,,AUTHORISED,,,,,0,,","
3,Bobby,MW-W&E,STREAMWAT,,17-20229,ALS WRG,Anonymous,,SPT00156,England,,ALS-MEL,5181632,REG,WATER,WATER,,Turbidity (Field),Turbidity (Field),25/05/2017 11:05,25/05/2017 15:04,25/05/2017 15:04,25/05/2017 15:46,,TURBIDITY (FIELD),W=F-TURBID/TURBIDITY (FIELD)_V4,12,NTU,,,,,,,,<1,,N,,,AUTHORISED,,,,,0,,","
3,Bobby,MW-W&E,STREAMWAT,,17-20229,ALS WRG,Anonymous,,SPT00156,England,,ALS-MEL,5181632,REG,WATER,WATER,,Water Flow,Water Flow,25/05/2017 11:05,25/05/2017 15:04,25/05/2017 15:04,25/05/2017 15:44,,FLOW(DAY)-MLDAY,W=F-FLOW/FLOW(DAY)-MLDAYM_V5,Very Low,ML/day,,,,,,,,,,N,,,AUTHORISED,,,,,0,,","
3,Bobby,MW-W&E,STREAMWAT,,17-20229,ALS WRG,Anonymous,,SPT00151,England,,ALS-MEL,5181633,REG,WATER,WATER,,Colilert (2000),Colilert MPN,25/05/2017 10:45,25/05/2017 15:04,25/05/2017 15:04,26/05/2017 11:58,,E COLI(C),W=W-COLILERT/E COLI(C)_V5,130,orgs/100mL,,,,,,,,0,,N,,,AUTHORISED,,,,,0,,","
3,Bobby,MW-W&E,STREAMWAT,,17-20229,ALS WRG,Anonymous,,SPT00151,England,,ALS-MEL,5181633,REG,WATER,WATER,,DO (Field),Dissolved Oxygen (Field),25/05/2017 10:45,25/05/2017 15:04,25/05/2017 15:04,25/05/2017 15:46,,DISSOLVED OXYGEN,W=F-DO/DISSOLVED OXYGENm_V6,9.28,mg/L,,,,,,,,<0.5,,N,,,AUTHORISED,,,,,0,,","
3,Bobby,MW-W&E,STREAMWAT,,17-20229,ALS WRG,Anonymous,,SPT00151,England,,ALS-MEL,5181633,REG,WATER,WATER,,DO (Field),Dissolved Oxygen (Field),25/05/2017 10:45,25/05/2017 15:04,25/05/2017 15:04,25/05/2017 15:46,,DO PERCENT,W=F-DO/DO PERCENT_V6,89.7,%,,,,,,,,<5,,N,,,AUTHORISED,,,,,0,,","
3,Bobby,MW-W&E,STREAMWAT,,17-20229,ALS WRG,Anonymous,,SPT00151,England,,ALS-MEL,5181633,REG,WATER,WATER,,EC (Field),Electrical Conductivity (Field),25/05/2017 10:45,25/05/2017 15:04,25/05/2017 15:04,25/05/2017 15:46,,ELECTRICAL CONDUCTIVITY (FIELD),W=F-EC/ELECTRICAL CONDUCTIVITY (FIELD)u_V5,6900,uS/cm,,,,,,,,<10,,N,,,AUTHORISED,,,,,0,,","
3,Bobby,MW-W&E,STREAMWAT,,17-20229,ALS WRG,Anonymous,,SPT00151,England,,ALS-MEL,5181633,REG,WATER,WATER,,Gauge,Gauge Height,25/05/2017 10:45,25/05/2017 15:04,25/05/2017 15:04,25/05/2017 15:44,,GAUGE HEIGHT,W=F-GAUGE/GAUGE HEIGHTM_V3,NR,M,,,,,,,,,,N,,NREQ,AUTHORISED,,,,,0,,","
3,Bobby,MW-W&E,STREAMWAT,,17-20229,ALS WRG,Anonymous,,SPT00151,England,,ALS-MEL,5181633,REG,WATER,WATER,,MS Total Metals,MS Total Metals - Low Level,25/05/2017 10:45,25/05/2017 15:04,25/05/2017 15:04,29/05/2017 11:17,,AS,W=W-MSTOT-L/ASm_V5,0.002,mg/L,,,,,,,,<0.001,,N,,,AUTHORISED,,,,,0,,","
3,Bobby,MW-W&E,STREAMWAT,,17-20229,ALS WRG,Anonymous,,SPT00151,England,,ALS-MEL,5181633,REG,WATER,WATER,,MS Total Metals,MS Total Metals - Low Level,25/05/2017 10:45,25/05/2017 15:04,25/05/2017 15:04,29/05/2017 11:17,,CD,W=W-MSTOT-L/CDm_V5,<0.0002,mg/L,,,,,,,,<0.0002,,N,,,AUTHORISED,,,,,0,,","
3,Bobby,MW-W&E,STREAMWAT,,17-20229,ALS WRG,Anonymous,,SPT00151,England,,ALS-MEL,5181633,REG,WATER,WATER,,MS Total Metals,MS Total Metals - Low Level,25/05/2017 10:45,25/05/2017 15:04,25/05/2017 15:04,29/05/2017 11:17,,CR,W=W-MSTOT-L/CRm_V5,0.002,mg/L,,,,,,,,<0.001,,N,,,AUTHORISED,,,,,0,,","
3,Bobby,MW-W&E,STREAMWAT,,17-20229,ALS WRG,Anonymous,,SPT00151,England,,ALS-MEL,5181633,REG,WATER,WATER,,MS Total Metals,MS Total Metals - Low Level,25/05/2017 10:45,25/05/2017 15:04,25/05/2017 15:04,29/05/2017 11:17,,CU,W=W-MSTOT-L/CUm_V5,0.002,mg/L,,,,,,,,<0.001,,N,,,AUTHORISED,,,,,0,,","
3,Bobby,MW-W&E,STREAMWAT,,17-20229,ALS WRG,Anonymous,,SPT00151,England,,ALS-MEL,5181633,REG,WATER,WATER,,MS Total Metals,MS Total Metals - Low Level,25/05/2017 10:45,25/05/2017 15:04,25/05/2017 15:04,29/05/2017 11:17,,NI,W=W-MSTOT-L/NIm_V5,0.005,mg/L,,,,,,,,<0.001,,N,,,AUTHORISED,,,,,0,,","
3,Bobby,MW-W&E,STREAMWAT,,17-20229,ALS WRG,Anonymous,,SPT00151,England,,ALS-MEL,5181633,REG,WATER,WATER,,MS Total Metals,MS Total Metals - Low Level,25/05/2017 10:45,25/05/2017 15:04,25/05/2017 15:04,29/05/2017 11:17,,PB,W=W-MSTOT-L/PBm_V5,0.001,mg/L,,,,,,,,<0.001,,N,,,AUTHORISED,,,,,0,,","
3,Bobby,MW-W&E,STREAMWAT,,17-20229,ALS WRG,Anonymous,,SPT00151,England,,ALS-MEL,5181633,REG,WATER,WATER,,MS Total Metals,MS Total Metals - Low Level,25/05/2017 10:45,25/05/2017 15:04,25/05/2017 15:04,29/05/2017 11:17,,ZN,W=W-MSTOT-L/ZNm_V5,0.018,mg/L,,,,,,,,<0.001,,N,,,AUTHORISED,,,,,0,,","
3,Bobby,MW-W&E,STREAMWAT,,17-20229,ALS WRG,Anonymous,,SPT00151,England,,ALS-MEL,5181633,REG,WATER,WATER,,NH3 as N (LL),Ammonia as N (L),25/05/2017 10:45,25/05/2017 15:04,25/05/2017 15:04,30/05/2017 14:02,,AMMONIA_LL,W=W-NH3-LL/AMMONIA_LLm_V2,<0.002,mg N / L,,,,,,,,<0.002,,N,,,AUTHORISED,,,,,0,,","
3,Bobby,MW-W&E,STREAMWAT,,17-20229,ALS WRG,Anonymous,,SPT00151,England,,ALS-MEL,5181633,REG,WATER,WATER,,NO2 as N (SFA),Nitrite as N,25/05/2017 10:45,25/05/2017 15:04,25/05/2017 15:04,30/05/2017 14:04,,NITRITE,W=W-NO2-L/NITRITEm_V1,0.002,mg N / L,,,,,,,,<0.002,,N,,,AUTHORISED,,,,,0,,","
3,Bobby,MW-W&E,STREAMWAT,,17-20229,ALS WRG,Anonymous,,SPT00151,England,,ALS-MEL,5181633,REG,WATER,WATER,,NO3 as N (SFA),Nitrate as N,25/05/2017 10:45,25/05/2017 15:04,25/05/2017 15:04,30/05/2017 14:06,,NITRATE,W=W-NO3-L/NITRATEm_V4,<0.003,mg N / L,,,,,,,,<0.003,,N,,,AUTHORISED,,,,,0,,","
3,Bobby,MW-W&E,STREAMWAT,,17-20229,ALS WRG,Anonymous,,SPT00151,England,,ALS-MEL,5181633,REG,WATER,WATER,,pH (Field),pH (Field),25/05/2017 10:45,25/05/2017 15:04,25/05/2017 15:04,25/05/2017 15:44,,PH (FIELD),W=F-PH/PH (FIELD)U_V5,7.8,Units,,,,,,,,,,N,,,AUTHORISED,,,,,0,,","
3,Bobby,MW-W&E,STREAMWAT,,17-20229,ALS WRG,Anonymous,,SPT00151,England,,ALS-MEL,5181633,REG,WATER,WATER,,Reactive P (LL-F),"Phosphorus, reactive as P (Filtered)",25/05/2017 10:45,25/05/2017 15:04,25/05/2017 15:04,30/05/2017 14:07,,PHOSPHATE_LL_Filt,W=W-PO4-F-L/PHOSPHATE_LL_Filtm_V1,0.006,mg P / L,,,,,,,,<0.003,,N,,,AUTHORISED,,,,,0,,
3,Bobby,MW-W&E,STREAMWAT,,17-20229,ALS WRG,Anonymous,,SPT00151,England,,ALS-MEL,5181633,REG,WATER,WATER,,SS at 104+/- 2°C,SS at 104+/- 2°C,25/05/2017 10:45,25/05/2017 15:04,25/05/2017 15:04,26/05/2017 12:33,,SUS SOLIDS,W=W-SLDSS/SUS SOLIDSm_V3,28,mg/L,,,,,,,,<2,,N,,,AUTHORISED,,,,,0,,","
3,Bobby,MW-W&E,STREAMWAT,,17-20229,ALS WRG,Anonymous,,SPT00151,England,,ALS-MEL,5181633,REG,WATER,WATER,,Temp (Field),Field Temperature,25/05/2017 10:45,25/05/2017 15:04,25/05/2017 15:04,25/05/2017 15:44,,TEMPERATURE,W=F-TEMP/TEMPERATURE_V5,14,°C,,,,,,,,,,N,,,AUTHORISED,,,,,0,,","
3,Bobby,MW-W&E,STREAMWAT,,17-20229,ALS WRG,Anonymous,,SPT00151,England,,ALS-MEL,5181633,REG,WATER,WATER,,TKN (Calc),TKN (Calculation),25/05/2017 10:45,25/05/2017 15:04,25/05/2017 15:04,31/05/2017 14:14,,TKN_TN_CALC,W=W-TKNTNCAL/TKN_TN_CALCm_V1,0.36,mg/L,,,,,,,,<0.01,,N,,,AUTHORISED,,,,,0,,","
3,Bobby,MW-W&E,STREAMWAT,,17-20229,ALS WRG,Anonymous,,SPT00151,England,,ALS-MEL,5181633,REG,WATER,WATER,,TN/TP (LL),TN/TP (LL),25/05/2017 10:45,25/05/2017 15:04,25/05/2017 15:04,31/05/2017 12:56,,TN_LL,W=W-TNTP-L/TN_LLm_V1,0.37,mg N / L,,,,,,,,<0.01,,N,,,AUTHORISED,,,,,0,,","
3,Bobby,MW-W&E,STREAMWAT,,17-20229,ALS WRG,Anonymous,,SPT00151,England,,ALS-MEL,5181633,REG,WATER,WATER,,TN/TP (LL),TN/TP (LL),25/05/2017 10:45,25/05/2017 15:04,25/05/2017 15:04,31/05/2017 12:56,,TOTAL_P_LL,W=W-TNTP-L/TOTAL_P_LLm_V1,0.032,mg P / L,,,,,,,,<0.005,,N,,,AUTHORISED,,,,,0,,","
3,Bobby,MW-W&E,STREAMWAT,,17-20229,ALS WRG,Anonymous,,SPT00151,England,,ALS-MEL,5181633,REG,WATER,WATER,,Turbidity (Field),Turbidity (Field),25/05/2017 10:45,25/05/2017 15:04,25/05/2017 15:04,25/05/2017 15:46,,TURBIDITY (FIELD),W=F-TURBID/TURBIDITY (FIELD)_V4,17,NTU,,,,,,,,<1,,N,,,AUTHORISED,,,,,0,,","
3,Bobby,MW-W&E,STREAMWAT,,17-20229,ALS WRG,Anonymous,,SPT00151,England,,ALS-MEL,5181633,REG,WATER,WATER,,Water Flow,Water Flow,25/05/2017 10:45,25/05/2017 15:04,25/05/2017 15:04,25/05/2017 15:44,,FLOW(DAY)-MLDAY,W=F-FLOW/FLOW(DAY)-MLDAYM_V5,Low,ML/day,,,,,,,,,,N,,,AUTHORISED,,,,,0,,","
3,Bobby,MW-W&E,STREAMWAT,,17-20229,ALS WRG,Anonymous,,SPT00208,England,,ALS-MEL,5181634,REG,WATER,WATER,,Colilert (2000),Colilert MPN,25/05/2017 7:40,25/05/2017 15:04,25/05/2017 15:04,26/05/2017 11:58,,E COLI(C),W=W-COLILERT/E COLI(C)_V5,190,orgs/100mL,,,,,,,,0,,N,,,AUTHORISED,,,,,0,,","
3,Bobby,MW-W&E,STREAMWAT,,17-20229,ALS WRG,Anonymous,,SPT00208,England,,ALS-MEL,5181634,REG,WATER,WATER,,DO (Field),Dissolved Oxygen (Field),25/05/2017 7:40,25/05/2017 15:04,25/05/2017 15:04,25/05/2017 15:46,,DISSOLVED OXYGEN,W=F-DO/DISSOLVED OXYGENm_V6,9.83,mg/L,,,,,,,,<0.5,,N,,,AUTHORISED,,,,,0,,","
3,Bobby,MW-W&E,STREAMWAT,,17-20229,ALS WRG,Anonymous,,SPT00208,England,,ALS-MEL,5181634,REG,WATER,WATER,,DO (Field),Dissolved Oxygen (Field),25/05/2017 7:40,25/05/2017 15:04,25/05/2017 15:04,25/05/2017 15:46,,DO PERCENT,W=F-DO/DO PERCENT_V6,92.3,%,,,,,,,,<5,,N,,,AUTHORISED,,,,,0,,","
3,Bobby,MW-W&E,STREAMWAT,,17-20229,ALS WRG,Anonymous,,SPT00208,England,,ALS-MEL,5181634,REG,WATER,WATER,,EC (Field),Electrical Conductivity (Field),25/05/2017 7:40,25/05/2017 15:04,25/05/2017 15:04,25/05/2017 15:46,,ELECTRICAL CONDUCTIVITY (FIELD),W=F-EC/ELECTRICAL CONDUCTIVITY (FIELD)u_V5,1100,uS/cm,,,,,,,,<10,,N,,,AUTHORISED,,,,,0,,","
3,Bobby,MW-W&E,STREAMWAT,,17-20229,ALS WRG,Anonymous,,SPT00208,England,,ALS-MEL,5181634,REG,WATER,WATER,,Gauge,Gauge Height,25/05/2017 7:40,25/05/2017 15:04,25/05/2017 15:04,25/05/2017 15:44,,GAUGE HEIGHT,W=F-GAUGE/GAUGE HEIGHTM_V3,NR,M,,,,,,,,,,N,,NREQ,AUTHORISED,,,,,0,,","
3,Bobby,MW-W&E,STREAMWAT,,17-20229,ALS WRG,Anonymous,,SPT00208,England,,ALS-MEL,5181634,REG,WATER,WATER,,MS Total Metals,MS Total Metals - Low Level,25/05/2017 7:40,25/05/2017 15:04,25/05/2017 15:04,29/05/2017 11:17,,AS,W=W-MSTOT-L/ASm_V5,<0.001,mg/L,,,,,,,,<0.001,,N,,,AUTHORISED,,,,,0,,","
3,Bobby,MW-W&E,STREAMWAT,,17-20229,ALS WRG,Anonymous,,SPT00208,England,,ALS-MEL,5181634,REG,WATER,WATER,,MS Total Metals,MS Total Metals - Low Level,25/05/2017 7:40,25/05/2017 15:04,25/05/2017 15:04,29/05/2017 11:17,,CD,W=W-MSTOT-L/CDm_V5,<0.0002,mg/L,,,,,,,,<0.0002,,N,,,AUTHORISED,,,,,0,,","
3,Bobby,MW-W&E,STREAMWAT,,17-20229,ALS WRG,Anonymous,,SPT00208,England,,ALS-MEL,5181634,REG,WATER,WATER,,MS Total Metals,MS Total Metals - Low Level,25/05/2017 7:40,25/05/2017 15:04,25/05/2017 15:04,29/05/2017 11:17,,CR,W=W-MSTOT-L/CRm_V5,<0.001,mg/L,,,,,,,,<0.001,,N,,,AUTHORISED,,,,,0,,","
3,Bobby,MW-W&E,STREAMWAT,,17-20229,ALS WRG,Anonymous,,SPT00208,England,,ALS-MEL,5181634,REG,WATER,WATER,,MS Total Metals,MS Total Metals - Low Level,25/05/2017 7:40,25/05/2017 15:04,25/05/2017 15:04,29/05/2017 11:17,,CU,W=W-MSTOT-L/CUm_V5,0.003,mg/L,,,,,,,,<0.001,,N,,,AUTHORISED,,,,,0,,","
3,Bobby,MW-W&E,STREAMWAT,,17-20229,ALS WRG,Anonymous,,SPT00208,England,,ALS-MEL,5181634,REG,WATER,WATER,,MS Total Metals,MS Total Metals - Low Level,25/05/2017 7:40,25/05/2017 15:04,25/05/2017 15:04,29/05/2017 11:17,,NI,W=W-MSTOT-L/NIm_V5,0.003,mg/L,,,,,,,,<0.001,,N,,,AUTHORISED,,,,,0,,","
3,Bobby,MW-W&E,STREAMWAT,,17-20229,ALS WRG,Anonymous,,SPT00208,England,,ALS-MEL,5181634,REG,WATER,WATER,,MS Total Metals,MS Total Metals - Low Level,25/05/2017 7:40,25/05/2017 15:04,25/05/2017 15:04,29/05/2017 11:17,,PB,W=W-MSTOT-L/PBm_V5,<0.001,mg/L,,,,,,,,<0.001,,N,,,AUTHORISED,,,,,0,,","
3,Bobby,MW-W&E,STREAMWAT,,17-20229,ALS WRG,Anonymous,,SPT00208,England,,ALS-MEL,5181634,REG,WATER,WATER,,MS Total Metals,MS Total Metals - Low Level,25/05/2017 7:40,25/05/2017 15:04,25/05/2017 15:04,29/05/2017 11:17,,ZN,W=W-MSTOT-L/ZNm_V5,0.019,mg/L,,,,,,,,<0.001,,N,,,AUTHORISED,,,,,0,,","
3,Bobby,MW-W&E,STREAMWAT,,17-20229,ALS WRG,Anonymous,,SPT00208,England,,ALS-MEL,5181634,REG,WATER,WATER,,NH3 as N (LL),Ammonia as N (L),25/05/2017 7:40,25/05/2017 15:04,25/05/2017 15:04,30/05/2017 14:02,,AMMONIA_LL,W=W-NH3-LL/AMMONIA_LLm_V2,<0.002,mg N / L,,,,,,,,<0.002,,N,,,AUTHORISED,,,,,0,,","
3,Bobby,MW-W&E,STREAMWAT,,17-20229,ALS WRG,Anonymous,,SPT00208,England,,ALS-MEL,5181634,REG,WATER,WATER,,NO2 as N (SFA),Nitrite as N,25/05/2017 7:40,25/05/2017 15:04,25/05/2017 15:04,30/05/2017 14:04,,NITRITE,W=W-NO2-L/NITRITEm_V1,0.003,mg N / L,,,,,,,,<0.002,,N,,,AUTHORISED,,,,,0,,","
3,Bobby,MW-W&E,STREAMWAT,,17-20229,ALS WRG,Anonymous,,SPT00208,England,,ALS-MEL,5181634,REG,WATER,WATER,,NO3 as N (SFA),Nitrate as N,25/05/2017 7:40,25/05/2017 15:04,25/05/2017 15:04,30/05/2017 14:06,,NITRATE,W=W-NO3-L/NITRATEm_V4,0.17,mg N / L,,,,,,,,<0.003,,N,,,AUTHORISED,,,,,0,,","
3,Bobby,MW-W&E,STREAMWAT,,17-20229,ALS WRG,Anonymous,,SPT00208,England,,ALS-MEL,5181634,REG,WATER,WATER,,pH (Field),pH (Field),25/05/2017 7:40,25/05/2017 15:04,25/05/2017 15:04,25/05/2017 15:44,,PH (FIELD),W=F-PH/PH (FIELD)U_V5,8.4,Units,,,,,,,,,,N,,,AUTHORISED,,,,,0,,","
3,Bobby,MW-W&E,STREAMWAT,,17-20229,ALS WRG,Anonymous,,SPT00208,England,,ALS-MEL,5181634,REG,WATER,WATER,,Reactive P (LL-F),"Phosphorus, reactive as P (Filtered)",25/05/2017 7:40,25/05/2017 15:04,25/05/2017 15:04,30/05/2017 14:07,,PHOSPHATE_LL_Filt,W=W-PO4-F-L/PHOSPHATE_LL_Filtm_V1,<0.003,mg P / L,,,,,,,,<0.003,,N,,,AUTHORISED,,,,,0,,
3,Bobby,MW-W&E,STREAMWAT,,17-20229,ALS WRG,Anonymous,,SPT00208,England,,ALS-MEL,5181634,REG,WATER,WATER,,SS at 104+/- 2°C,SS at 104+/- 2°C,25/05/2017 7:40,25/05/2017 15:04,25/05/2017 15:04,26/05/2017 12:33,,SUS SOLIDS,W=W-SLDSS/SUS SOLIDSm_V3,<2,mg/L,,,,,,,,<2,,N,,,AUTHORISED,,,,,0,,","
3,Bobby,MW-W&E,STREAMWAT,,17-20229,ALS WRG,Anonymous,,SPT00208,England,,ALS-MEL,5181634,REG,WATER,WATER,,Temp (Field),Field Temperature,25/05/2017 7:40,25/05/2017 15:04,25/05/2017 15:04,25/05/2017 15:44,,TEMPERATURE,W=F-TEMP/TEMPERATURE_V5,12.7,°C,,,,,,,,,,N,,,AUTHORISED,,,,,0,,","
3,Bobby,MW-W&E,STREAMWAT,,17-20229,ALS WRG,Anonymous,,SPT00208,England,,ALS-MEL,5181634,REG,WATER,WATER,,TKN (Calc),TKN (Calculation),25/05/2017 7:40,25/05/2017 15:04,25/05/2017 15:04,31/05/2017 14:14,,TKN_TN_CALC,W=W-TKNTNCAL/TKN_TN_CALCm_V1,0.33,mg/L,,,,,,,,<0.01,,N,,,AUTHORISED,,,,,0,,","
3,Bobby,MW-W&E,STREAMWAT,,17-20229,ALS WRG,Anonymous,,SPT00208,England,,ALS-MEL,5181634,REG,WATER,WATER,,TN/TP (LL),TN/TP (LL),25/05/2017 7:40,25/05/2017 15:04,25/05/2017 15:04,31/05/2017 12:56,,TN_LL,W=W-TNTP-L/TN_LLm_V1,0.5,mg N / L,,,,,,,,<0.01,,N,,,AUTHORISED,,,,,0,,","
3,Bobby,MW-W&E,STREAMWAT,,17-20229,ALS WRG,Anonymous,,SPT00208,England,,ALS-MEL,5181634,REG,WATER,WATER,,TN/TP (LL),TN/TP (LL),25/05/2017 7:40,25/05/2017 15:04,25/05/2017 15:04,31/05/2017 12:56,,TOTAL_P_LL,W=W-TNTP-L/TOTAL_P_LLm_V1,0.013,mg P / L,,,,,,,,<0.005,,N,,,AUTHORISED,,,,,0,,","
3,Bobby,MW-W&E,STREAMWAT,,17-20229,ALS WRG,Anonymous,,SPT00208,England,,ALS-MEL,5181634,REG,WATER,WATER,,Turbidity (Field),Turbidity (Field),25/05/2017 7:40,25/05/2017 15:04,25/05/2017 15:04,25/05/2017 15:46,,TURBIDITY (FIELD),W=F-TURBID/TURBIDITY (FIELD)_V4,2,NTU,,,,,,,,<1,,N,,,AUTHORISED,,,,,0,,","
3,Bobby,MW-W&E,STREAMWAT,,17-20229,ALS WRG,Anonymous,,SPT00208,England,,ALS-MEL,5181634,REG,WATER,WATER,,Water Flow,Water Flow,25/05/2017 7:40,25/05/2017 15:04,25/05/2017 15:04,25/05/2017 15:44,,FLOW(DAY)-MLDAY,W=F-FLOW/FLOW(DAY)-MLDAYM_V5,Low,ML/day,,,,,,,,,,N,,,AUTHORISED,,,,,0,,","
3,Bobby,MW-W&E,STREAMWAT,,17-20229,ALS WRG,Anonymous,,SPT00201,England,,ALS-MEL,5181635,REG,WATER,WATER,,Colilert (2000),Colilert MPN,25/05/2017 8:10,25/05/2017 15:04,25/05/2017 15:04,26/05/2017 11:58,,E COLI(C),W=W-COLILERT/E COLI(C)_V5,86,orgs/100mL,,,,,,,,0,,N,,,AUTHORISED,,,,,0,,","
3,Bobby,MW-W&E,STREAMWAT,,17-20229,ALS WRG,Anonymous,,SPT00201,England,,ALS-MEL,5181635,REG,WATER,WATER,,DO (Field),Dissolved Oxygen (Field),25/05/2017 8:10,25/05/2017 15:04,25/05/2017 15:04,25/05/2017 15:46,,DISSOLVED OXYGEN,W=F-DO/DISSOLVED OXYGENm_V6,9.6,mg/L,,,,,,,,<0.5,,N,,,AUTHORISED,,,,,0,,","
3,Bobby,MW-W&E,STREAMWAT,,17-20229,ALS WRG,Anonymous,,SPT00201,England,,ALS-MEL,5181635,REG,WATER,WATER,,DO (Field),Dissolved Oxygen (Field),25/05/2017 8:10,25/05/2017 15:04,25/05/2017 15:04,25/05/2017 15:46,,DO PERCENT,W=F-DO/DO PERCENT_V6,90.7,%,,,,,,,,<5,,N,,,AUTHORISED,,,,,0,,","
3,Bobby,MW-W&E,STREAMWAT,,17-20229,ALS WRG,Anonymous,,SPT00201,England,,ALS-MEL,5181635,REG,WATER,WATER,,EC (Field),Electrical Conductivity (Field),25/05/2017 8:10,25/05/2017 15:04,25/05/2017 15:04,25/05/2017 15:46,,ELECTRICAL CONDUCTIVITY (FIELD),W=F-EC/ELECTRICAL CONDUCTIVITY (FIELD)u_V5,1300,uS/cm,,,,,,,,<10,,N,,,AUTHORISED,,,,,0,,","
3,Bobby,MW-W&E,STREAMWAT,,17-20229,ALS WRG,Anonymous,,SPT00201,England,,ALS-MEL,5181635,REG,WATER,WATER,,Gauge,Gauge Height,25/05/2017 8:10,25/05/2017 15:04,25/05/2017 15:04,25/05/2017 15:44,,GAUGE HEIGHT,W=F-GAUGE/GAUGE HEIGHTM_V3,NR,M,,,,,,,,,,N,,NREQ,AUTHORISED,,,,,0,,","
3,Bobby,MW-W&E,STREAMWAT,,17-20229,ALS WRG,Anonymous,,SPT00201,England,,ALS-MEL,5181635,REG,WATER,WATER,,MS Total Metals,MS Total Metals - Low Level,25/05/2017 8:10,25/05/2017 15:04,25/05/2017 15:04,29/05/2017 11:17,,AS,W=W-MSTOT-L/ASm_V5,<0.001,mg/L,,,,,,,,<0.001,,N,,,AUTHORISED,,,,,0,,","
3,Bobby,MW-W&E,STREAMWAT,,17-20229,ALS WRG,Anonymous,,SPT00201,England,,ALS-MEL,5181635,REG,WATER,WATER,,MS Total Metals,MS Total Metals - Low Level,25/05/2017 8:10,25/05/2017 15:04,25/05/2017 15:04,29/05/2017 11:17,,CD,W=W-MSTOT-L/CDm_V5,<0.0002,mg/L,,,,,,,,<0.0002,,N,,,AUTHORISED,,,,,0,,","
3,Bobby,MW-W&E,STREAMWAT,,17-20229,ALS WRG,Anonymous,,SPT00201,England,,ALS-MEL,5181635,REG,WATER,WATER,,MS Total Metals,MS Total Metals - Low Level,25/05/2017 8:10,25/05/2017 15:04,25/05/2017 15:04,29/05/2017 11:17,,CR,W=W-MSTOT-L/CRm_V5,<0.001,mg/L,,,,,,,,<0.001,,N,,,AUTHORISED,,,,,0,,","
3,Bobby,MW-W&E,STREAMWAT,,17-20229,ALS WRG,Anonymous,,SPT00201,England,,ALS-MEL,5181635,REG,WATER,WATER,,MS Total Metals,MS Total Metals - Low Level,25/05/2017 8:10,25/05/2017 15:04,25/05/2017 15:04,29/05/2017 11:17,,CU,W=W-MSTOT-L/CUm_V5,0.004,mg/L,,,,,,,,<0.001,,N,,,AUTHORISED,,,,,0,,","
3,Bobby,MW-W&E,STREAMWAT,,17-20229,ALS WRG,Anonymous,,SPT00201,England,,ALS-MEL,5181635,REG,WATER,WATER,,MS Total Metals,MS Total Metals - Low Level,25/05/2017 8:10,25/05/2017 15:04,25/05/2017 15:04,29/05/2017 11:17,,NI,W=W-MSTOT-L/NIm_V5,0.004,mg/L,,,,,,,,<0.001,,N,,,AUTHORISED,,,,,0,,","
3,Bobby,MW-W&E,STREAMWAT,,17-20229,ALS WRG,Anonymous,,SPT00201,England,,ALS-MEL,5181635,REG,WATER,WATER,,MS Total Metals,MS Total Metals - Low Level,25/05/2017 8:10,25/05/2017 15:04,25/05/2017 15:04,29/05/2017 11:17,,PB,W=W-MSTOT-L/PBm_V5,<0.001,mg/L,,,,,,,,<0.001,,N,,,AUTHORISED,,,,,0,,","
3,Bobby,MW-W&E,STREAMWAT,,17-20229,ALS WRG,Anonymous,,SPT00201,England,,ALS-MEL,5181635,REG,WATER,WATER,,MS Total Metals,MS Total Metals - Low Level,25/05/2017 8:10,25/05/2017 15:04,25/05/2017 15:04,29/05/2017 11:17,,ZN,W=W-MSTOT-L/ZNm_V5,0.042,mg/L,,,,,,,,<0.001,,N,,,AUTHORISED,,,,,0,,","
3,Bobby,MW-W&E,STREAMWAT,,17-20229,ALS WRG,Anonymous,,SPT00201,England,,ALS-MEL,5181635,REG,WATER,WATER,,NH3 as N (LL),Ammonia as N (L),25/05/2017 8:10,25/05/2017 15:04,25/05/2017 15:04,30/05/2017 14:02,,AMMONIA_LL,W=W-NH3-LL/AMMONIA_LLm_V2,0.079,mg N / L,,,,,,,,<0.002,,N,,,AUTHORISED,,,,,0,,","
3,Bobby,MW-W&E,STREAMWAT,,17-20229,ALS WRG,Anonymous,,SPT00201,England,,ALS-MEL,5181635,REG,WATER,WATER,,NO2 as N (SFA),Nitrite as N,25/05/2017 8:10,25/05/2017 15:04,25/05/2017 15:04,30/05/2017 14:04,,NITRITE,W=W-NO2-L/NITRITEm_V1,0.009,mg N / L,,,,,,,,<0.002,,N,,,AUTHORISED,,,,,0,,","
3,Bobby,MW-W&E,STREAMWAT,,17-20229,ALS WRG,Anonymous,,SPT00201,England,,ALS-MEL,5181635,REG,WATER,WATER,,NO3 as N (SFA),Nitrate as N,25/05/2017 8:10,25/05/2017 15:04,25/05/2017 15:04,30/05/2017 14:06,,NITRATE,W=W-NO3-L/NITRATEm_V4,0.58,mg N / L,,,,,,,,<0.003,,N,,,AUTHORISED,,,,,0,,","
3,Bobby,MW-W&E,STREAMWAT,,17-20229,ALS WRG,Anonymous,,SPT00201,England,,ALS-MEL,5181635,REG,WATER,WATER,,pH (Field),pH (Field),25/05/2017 8:10,25/05/2017 15:04,25/05/2017 15:04,25/05/2017 15:44,,PH (FIELD),W=F-PH/PH (FIELD)U_V5,8.1,Units,,,,,,,,,,N,,,AUTHORISED,,,,,0,,","
3,Bobby,MW-W&E,STREAMWAT,,17-20229,ALS WRG,Anonymous,,SPT00201,England,,ALS-MEL,5181635,REG,WATER,WATER,,Reactive P (LL-F),"Phosphorus, reactive as P (Filtered)",25/05/2017 8:10,25/05/2017 15:04,25/05/2017 15:04,30/05/2017 14:07,,PHOSPHATE_LL_Filt,W=W-PO4-F-L/PHOSPHATE_LL_Filtm_V1,0.013,mg P / L,,,,,,,,<0.003,,N,,,AUTHORISED,,,,,0,,
3,Bobby,MW-W&E,STREAMWAT,,17-20229,ALS WRG,Anonymous,,SPT00201,England,,ALS-MEL,5181635,REG,WATER,WATER,,SS at 104+/- 2°C,SS at 104+/- 2°C,25/05/2017 8:10,25/05/2017 15:04,25/05/2017 15:04,26/05/2017 12:33,,SUS SOLIDS,W=W-SLDSS/SUS SOLIDSm_V3,<2,mg/L,,,,,,,,<2,,N,,,AUTHORISED,,,,,0,,","
3,Bobby,MW-W&E,STREAMWAT,,17-20229,ALS WRG,Anonymous,,SPT00201,England,,ALS-MEL,5181635,REG,WATER,WATER,,Temp (Field),Field Temperature,25/05/2017 8:10,25/05/2017 15:04,25/05/2017 15:04,25/05/2017 15:44,,TEMPERATURE,W=F-TEMP/TEMPERATURE_V5,13,°C,,,,,,,,,,N,,,AUTHORISED,,,,,0,,","
3,Bobby,MW-W&E,STREAMWAT,,17-20229,ALS WRG,Anonymous,,SPT00201,England,,ALS-MEL,5181635,REG,WATER,WATER,,TKN (Calc),TKN (Calculation),25/05/2017 8:10,25/05/2017 15:04,25/05/2017 15:04,31/05/2017 14:14,,TKN_TN_CALC,W=W-TKNTNCAL/TKN_TN_CALCm_V1,0.79,mg/L,,,,,,,,<0.01,,N,,,AUTHORISED,,,,,0,,","
3,Bobby,MW-W&E,STREAMWAT,,17-20229,ALS WRG,Anonymous,,SPT00201,England,,ALS-MEL,5181635,REG,WATER,WATER,,TN/TP (LL),TN/TP (LL),25/05/2017 8:10,25/05/2017 15:04,25/05/2017 15:04,31/05/2017 12:56,,TN_LL,W=W-TNTP-L/TN_LLm_V1,1.4,mg N / L,,,,,,,,<0.01,,N,,,AUTHORISED,,,,,0,,","
3,Bobby,MW-W&E,STREAMWAT,,17-20229,ALS WRG,Anonymous,,SPT00201,England,,ALS-MEL,5181635,REG,WATER,WATER,,TN/TP (LL),TN/TP (LL),25/05/2017 8:10,25/05/2017 15:04,25/05/2017 15:04,31/05/2017 12:56,,TOTAL_P_LL,W=W-TNTP-L/TOTAL_P_LLm_V1,0.029,mg P / L,,,,,,,,<0.005,,N,,,AUTHORISED,,,,,0,,","
3,Bobby,MW-W&E,STREAMWAT,,17-20229,ALS WRG,Anonymous,,SPT00201,England,,ALS-MEL,5181635,REG,WATER,WATER,,Turbidity (Field),Turbidity (Field),25/05/2017 8:10,25/05/2017 15:04,25/05/2017 15:04,25/05/2017 15:46,,TURBIDITY (FIELD),W=F-TURBID/TURBIDITY (FIELD)_V4,2,NTU,,,,,,,,<1,,N,,,AUTHORISED,,,,,0,,","
3,Bobby,MW-W&E,STREAMWAT,,17-20229,ALS WRG,Anonymous,,SPT00201,England,,ALS-MEL,5181635,REG,WATER,WATER,,Water Flow,Water Flow,25/05/2017 8:10,25/05/2017 15:04,25/05/2017 15:04,25/05/2017 15:44,,FLOW(DAY)-MLDAY,W=F-FLOW/FLOW(DAY)-MLDAYM_V5,Low,ML/day,,,,,,,,,,N,,,AUTHORISED,,,,,0,,","
3,Bobby,MW-W&E,STREAMWAT,,17-20229,ALS WRG,Anonymous,,SPT00199,England,,ALS-MEL,5181636,REG,WATER,WATER,,Colilert (2000),Colilert MPN,25/05/2017 8:45,25/05/2017 15:04,25/05/2017 15:04,26/05/2017 11:58,,E COLI(C),W=W-COLILERT/E COLI(C)_V5,1300,orgs/100mL,,,,,,,,0,,N,,,AUTHORISED,,,,,0,,","
3,Bobby,MW-W&E,STREAMWAT,,17-20229,ALS WRG,Anonymous,,SPT00199,England,,ALS-MEL,5181636,REG,WATER,WATER,,DO (Field),Dissolved Oxygen (Field),25/05/2017 8:45,25/05/2017 15:04,25/05/2017 15:04,25/05/2017 15:46,,DISSOLVED OXYGEN,W=F-DO/DISSOLVED OXYGENm_V6,8.92,mg/L,,,,,,,,<0.5,,N,,,AUTHORISED,,,,,0,,","
3,Bobby,MW-W&E,STREAMWAT,,17-20229,ALS WRG,Anonymous,,SPT00199,England,,ALS-MEL,5181636,REG,WATER,WATER,,DO (Field),Dissolved Oxygen (Field),25/05/2017 8:45,25/05/2017 15:04,25/05/2017 15:04,25/05/2017 15:46,,DO PERCENT,W=F-DO/DO PERCENT_V6,84.6,%,,,,,,,,<5,,N,,,AUTHORISED,,,,,0,,","
3,Bobby,MW-W&E,STREAMWAT,,17-20229,ALS WRG,Anonymous,,SPT00199,England,,ALS-MEL,5181636,REG,WATER,WATER,,EC (Field),Electrical Conductivity (Field),25/05/2017 8:45,25/05/2017 15:04,25/05/2017 15:04,25/05/2017 15:46,,ELECTRICAL CONDUCTIVITY (FIELD),W=F-EC/ELECTRICAL CONDUCTIVITY (FIELD)u_V5,2400,uS/cm,,,,,,,,<10,,N,,,AUTHORISED,,,,,0,,","
3,Bobby,MW-W&E,STREAMWAT,,17-20229,ALS WRG,Anonymous,,SPT00199,England,,ALS-MEL,5181636,REG,WATER,WATER,,Gauge,Gauge Height,25/05/2017 8:45,25/05/2017 15:04,25/05/2017 15:04,25/05/2017 15:44,,GAUGE HEIGHT,W=F-GAUGE/GAUGE HEIGHTM_V3,NR,M,,,,,,,,,,N,,NREQ,AUTHORISED,,,,,0,,","
3,Bobby,MW-W&E,STREAMWAT,,17-20229,ALS WRG,Anonymous,,SPT00199,England,,ALS-MEL,5181636,REG,WATER,WATER,,MS Total Metals,MS Total Metals - Low Level,25/05/2017 8:45,25/05/2017 15:04,25/05/2017 15:04,29/05/2017 11:17,,AS,W=W-MSTOT-L/ASm_V5,0.001,mg/L,,,,,,,,<0.001,,N,,,AUTHORISED,,,,,0,,","
3,Bobby,MW-W&E,STREAMWAT,,17-20229,ALS WRG,Anonymous,,SPT00199,England,,ALS-MEL,5181636,REG,WATER,WATER,,MS Total Metals,MS Total Metals - Low Level,25/05/2017 8:45,25/05/2017 15:04,25/05/2017 15:04,29/05/2017 11:17,,CD,W=W-MSTOT-L/CDm_V5,<0.0002,mg/L,,,,,,,,<0.0002,,N,,,AUTHORISED,,,,,0,,","
3,Bobby,MW-W&E,STREAMWAT,,17-20229,ALS WRG,Anonymous,,SPT00199,England,,ALS-MEL,5181636,REG,WATER,WATER,,MS Total Metals,MS Total Metals - Low Level,25/05/2017 8:45,25/05/2017 15:04,25/05/2017 15:04,29/05/2017 11:17,,CR,W=W-MSTOT-L/CRm_V5,<0.001,mg/L,,,,,,,,<0.001,,N,,,AUTHORISED,,,,,0,,","
3,Bobby,MW-W&E,STREAMWAT,,17-20229,ALS WRG,Anonymous,,SPT00199,England,,ALS-MEL,5181636,REG,WATER,WATER,,MS Total Metals,MS Total Metals - Low Level,25/05/2017 8:45,25/05/2017 15:04,25/05/2017 15:04,29/05/2017 11:17,,CU,W=W-MSTOT-L/CUm_V5,0.003,mg/L,,,,,,,,<0.001,,N,,,AUTHORISED,,,,,0,,","
3,Bobby,MW-W&E,STREAMWAT,,17-20229,ALS WRG,Anonymous,,SPT00199,England,,ALS-MEL,5181636,REG,WATER,WATER,,MS Total Metals,MS Total Metals - Low Level,25/05/2017 8:45,25/05/2017 15:04,25/05/2017 15:04,29/05/2017 11:17,,NI,W=W-MSTOT-L/NIm_V5,0.002,mg/L,,,,,,,,<0.001,,N,,,AUTHORISED,,,,,0,,","
3,Bobby,MW-W&E,STREAMWAT,,17-20229,ALS WRG,Anonymous,,SPT00199,England,,ALS-MEL,5181636,REG,WATER,WATER,,MS Total Metals,MS Total Metals - Low Level,25/05/2017 8:45,25/05/2017 15:04,25/05/2017 15:04,29/05/2017 11:17,,PB,W=W-MSTOT-L/PBm_V5,<0.001,mg/L,,,,,,,,<0.001,,N,,,AUTHORISED,,,,,0,,","
3,Bobby,MW-W&E,STREAMWAT,,17-20229,ALS WRG,Anonymous,,SPT00199,England,,ALS-MEL,5181636,REG,WATER,WATER,,MS Total Metals,MS Total Metals - Low Level,25/05/2017 8:45,25/05/2017 15:04,25/05/2017 15:04,29/05/2017 11:17,,ZN,W=W-MSTOT-L/ZNm_V5,0.02,mg/L,,,,,,,,<0.001,,N,,,AUTHORISED,,,,,0,,","
3,Bobby,MW-W&E,STREAMWAT,,17-20229,ALS WRG,Anonymous,,SPT00199,England,,ALS-MEL,5181636,REG,WATER,WATER,,NH3 as N (LL),Ammonia as N (L),25/05/2017 8:45,25/05/2017 15:04,25/05/2017 15:04,30/05/2017 14:02,,AMMONIA_LL,W=W-NH3-LL/AMMONIA_LLm_V2,0.024,mg N / L,,,,,,,,<0.002,,N,,,AUTHORISED,,,,,0,,","
3,Bobby,MW-W&E,STREAMWAT,,17-20229,ALS WRG,Anonymous,,SPT00199,England,,ALS-MEL,5181636,REG,WATER,WATER,,NO2 as N (SFA),Nitrite as N,25/05/2017 8:45,25/05/2017 15:04,25/05/2017 15:04,30/05/2017 14:04,,NITRITE,W=W-NO2-L/NITRITEm_V1,0.023,mg N / L,,,,,,,,<0.002,,N,,,AUTHORISED,,,,,0,,","
3,Bobby,MW-W&E,STREAMWAT,,17-20229,ALS WRG,Anonymous,,SPT00199,England,,ALS-MEL,5181636,REG,WATER,WATER,,NO3 as N (SFA),Nitrate as N,25/05/2017 8:45,25/05/2017 15:04,25/05/2017 15:04,30/05/2017 14:06,,NITRATE,W=W-NO3-L/NITRATEm_V4,1,mg N / L,,,,,,,,<0.003,,N,,,AUTHORISED,,,,,0,,","
3,Bobby,MW-W&E,STREAMWAT,,17-20229,ALS WRG,Anonymous,,SPT00199,England,,ALS-MEL,5181636,REG,WATER,WATER,,pH (Field),pH (Field),25/05/2017 8:45,25/05/2017 15:04,25/05/2017 15:04,25/05/2017 15:44,,PH (FIELD),W=F-PH/PH (FIELD)U_V5,8.3,Units,,,,,,,,,,N,,,AUTHORISED,,,,,0,,","
3,Bobby,MW-W&E,STREAMWAT,,17-20229,ALS WRG,Anonymous,,SPT00199,England,,ALS-MEL,5181636,REG,WATER,WATER,,Reactive P (LL-F),"Phosphorus, reactive as P (Filtered)",25/05/2017 8:45,25/05/2017 15:04,25/05/2017 15:04,30/05/2017 14:07,,PHOSPHATE_LL_Filt,W=W-PO4-F-L/PHOSPHATE_LL_Filtm_V1,0.006,mg P / L,,,,,,,,<0.003,,N,,,AUTHORISED,,,,,0,,
3,Bobby,MW-W&E,STREAMWAT,,17-20229,ALS WRG,Anonymous,,SPT00199,England,,ALS-MEL,5181636,REG,WATER,WATER,,SS at 104+/- 2°C,SS at 104+/- 2°C,25/05/2017 8:45,25/05/2017 15:04,25/05/2017 15:04,26/05/2017 12:33,,SUS SOLIDS,W=W-SLDSS/SUS SOLIDSm_V3,5,mg/L,,,,,,,,<2,,N,,,AUTHORISED,,,,,0,,","
3,Bobby,MW-W&E,STREAMWAT,,17-20229,ALS WRG,Anonymous,,SPT00199,England,,ALS-MEL,5181636,REG,WATER,WATER,,Temp (Field),Field Temperature,25/05/2017 8:45,25/05/2017 15:04,25/05/2017 15:04,25/05/2017 15:44,,TEMPERATURE,W=F-TEMP/TEMPERATURE_V5,13.3,°C,,,,,,,,,,N,,,AUTHORISED,,,,,0,,","
3,Bobby,MW-W&E,STREAMWAT,,17-20229,ALS WRG,Anonymous,,SPT00199,England,,ALS-MEL,5181636,REG,WATER,WATER,,TKN (Calc),TKN (Calculation),25/05/2017 8:45,25/05/2017 15:04,25/05/2017 15:04,31/05/2017 14:14,,TKN_TN_CALC,W=W-TKNTNCAL/TKN_TN_CALCm_V1,1.3,mg/L,,,,,,,,<0.01,,N,,,AUTHORISED,,,,,0,,","
3,Bobby,MW-W&E,STREAMWAT,,17-20229,ALS WRG,Anonymous,,SPT00199,England,,ALS-MEL,5181636,REG,WATER,WATER,,TN/TP (LL),TN/TP (LL),25/05/2017 8:45,25/05/2017 15:04,25/05/2017 15:04,31/05/2017 12:56,,TN_LL,W=W-TNTP-L/TN_LLm_V1,2.3,mg N / L,,,,,,,,<0.01,,N,,,AUTHORISED,,,,,0,,","
3,Bobby,MW-W&E,STREAMWAT,,17-20229,ALS WRG,Anonymous,,SPT00199,England,,ALS-MEL,5181636,REG,WATER,WATER,,TN/TP (LL),TN/TP (LL),25/05/2017 8:45,25/05/2017 15:04,25/05/2017 15:04,31/05/2017 12:56,,TOTAL_P_LL,W=W-TNTP-L/TOTAL_P_LLm_V1,0.024,mg P / L,,,,,,,,<0.005,,N,,,AUTHORISED,,,,,0,,","
3,Bobby,MW-W&E,STREAMWAT,,17-20229,ALS WRG,Anonymous,,SPT00199,England,,ALS-MEL,5181636,REG,WATER,WATER,,Turbidity (Field),Turbidity (Field),25/05/2017 8:45,25/05/2017 15:04,25/05/2017 15:04,25/05/2017 15:46,,TURBIDITY (FIELD),W=F-TURBID/TURBIDITY (FIELD)_V4,4,NTU,,,,,,,,<1,,N,,,AUTHORISED,,,,,0,,","
3,Bobby,MW-W&E,STREAMWAT,,17-20229,ALS WRG,Anonymous,,SPT00199,England,,ALS-MEL,5181636,REG,WATER,WATER,,Water Flow,Water Flow,25/05/2017 8:45,25/05/2017 15:04,25/05/2017 15:04,25/05/2017 15:44,,FLOW(DAY)-MLDAY,W=F-FLOW/FLOW(DAY)-MLDAYM_V5,Low,ML/day,,,,,,,,,,N,,,AUTHORISED,,,,,0,,","
3,Bobby,MW-W&E,STREAMWAT,,17-20256,ALS WRG,Anonymous,,SPT00177,England,,,,,,,,,,,,,,,,,,,,,,,,,,,,,,,,,,,,,,
UNSAFE SITE long grass,,ALS-MEL,5181891,REG,WATER,WATER,,Water Flow,Water Flow,26/05/2017 0:00,26/05/2017 16:27,26/05/2017 16:27,29/05/2017 9:29,,FLOW(DAY)-MLDAY,W=F-FLOW/FLOW(DAY)-MLDAYM_V5,0,ML/day,,,,,,,,,,N,,,AUTHORISED,,,,,0,unsafe site,",",,,,,,,,,,
3,Bobby,MW-W&E,STREAMWAT,,17-20256,ALS WRG,Anonymous,,SPT00175,ahraehaer,,ALS-MEL,5181892,REG,WATER,WATER,,Colilert (2000),Colilert MPN,26/05/2017 10:45,26/05/2017 15:25,26/05/2017 15:25,27/05/2017 12:40,,E COLI(C),W=W-COLILERT/E COLI(C)_V5,2900,orgs/100mL,,,,,,,,0,,N,,,AUTHORISED,,,,,0,,","
3,Bobby,MW-W&E,STREAMWAT,,17-20256,ALS WRG,Anonymous,,SPT00175,ahraehaer,,ALS-MEL,5181892,REG,WATER,WATER,,DO (Field),Dissolved Oxygen (Field),26/05/2017 10:45,26/05/2017 15:25,26/05/2017 15:25,29/05/2017 9:29,,DISSOLVED OXYGEN,W=F-DO/DISSOLVED OXYGENm_V6,7,mg/L,,,,,,,,<0.5,,N,,,AUTHORISED,,,,,0,,","
3,Bobby,MW-W&E,STREAMWAT,,17-20256,ALS WRG,Anonymous,,SPT00175,ahraehaer,,ALS-MEL,5181892,REG,WATER,WATER,,DO (Field),Dissolved Oxygen (Field),26/05/2017 10:45,26/05/2017 15:25,26/05/2017 15:25,29/05/2017 9:29,,DO PERCENT,W=F-DO/DO PERCENT_V6,68.3,%,,,,,,,,<5,,N,,,AUTHORISED,,,,,0,,","
3,Bobby,MW-W&E,STREAMWAT,,17-20256,ALS WRG,Anonymous,,SPT00175,ahraehaer,,ALS-MEL,5181892,REG,WATER,WATER,,EC (Field),Electrical Conductivity (Field),26/05/2017 10:45,26/05/2017 15:25,26/05/2017 15:25,29/05/2017 9:29,,ELECTRICAL CONDUCTIVITY (FIELD),W=F-EC/ELECTRICAL CONDUCTIVITY (FIELD)u_V5,650,uS/cm,,,,,,,,<10,,N,,,AUTHORISED,,,,,0,,","
3,Bobby,MW-W&E,STREAMWAT,,17-20256,ALS WRG,Anonymous,,SPT00175,ahraehaer,,ALS-MEL,5181892,REG,WATER,WATER,,Gauge,Gauge Height,26/05/2017 10:45,26/05/2017 15:25,26/05/2017 15:25,29/05/2017 9:29,,GAUGE HEIGHT,W=F-GAUGE/GAUGE HEIGHTM_V3,NR,M,,,,,,,,,,N,,NREQ,AUTHORISED,,,,,0,,","
3,Bobby,MW-W&E,STREAMWAT,,17-20256,ALS WRG,Anonymous,,SPT00175,ahraehaer,,ALS-MEL,5181892,REG,WATER,WATER,,MS Total Metals,MS Total Metals - Low Level,26/05/2017 10:45,26/05/2017 15:25,26/05/2017 15:25,30/05/2017 11:35,,AS,W=W-MSTOT-L/ASm_V5,<0.001,mg/L,,,,,,,,<0.001,,N,,,AUTHORISED,,,,,0,,","
3,Bobby,MW-W&E,STREAMWAT,,17-20256,ALS WRG,Anonymous,,SPT00175,ahraehaer,,ALS-MEL,5181892,REG,WATER,WATER,,MS Total Metals,MS Total Metals - Low Level,26/05/2017 10:45,26/05/2017 15:25,26/05/2017 15:25,30/05/2017 11:35,,CD,W=W-MSTOT-L/CDm_V5,<0.0002,mg/L,,,,,,,,<0.0002,,N,,,AUTHORISED,,,,,0,,","
3,Bobby,MW-W&E,STREAMWAT,,17-20256,ALS WRG,Anonymous,,SPT00175,ahraehaer,,ALS-MEL,5181892,REG,WATER,WATER,,MS Total Metals,MS Total Metals - Low Level,26/05/2017 10:45,26/05/2017 15:25,26/05/2017 15:25,30/05/2017 11:35,,CR,W=W-MSTOT-L/CRm_V5,<0.001,mg/L,,,,,,,,<0.001,,N,,,AUTHORISED,,,,,0,,","
3,Bobby,MW-W&E,STREAMWAT,,17-20256,ALS WRG,Anonymous,,SPT00175,ahraehaer,,ALS-MEL,5181892,REG,WATER,WATER,,MS Total Metals,MS Total Metals - Low Level,26/05/2017 10:45,26/05/2017 15:25,26/05/2017 15:25,30/05/2017 11:35,,CU,W=W-MSTOT-L/CUm_V5,0.002,mg/L,,,,,,,,<0.001,,N,,,AUTHORISED,,,,,0,,","
3,Bobby,MW-W&E,STREAMWAT,,17-20256,ALS WRG,Anonymous,,SPT00175,ahraehaer,,ALS-MEL,5181892,REG,WATER,WATER,,MS Total Metals,MS Total Metals - Low Level,26/05/2017 10:45,26/05/2017 15:25,26/05/2017 15:25,30/05/2017 11:35,,NI,W=W-MSTOT-L/NIm_V5,0.002,mg/L,,,,,,,,<0.001,,N,,,AUTHORISED,,,,,0,,","
3,Bobby,MW-W&E,STREAMWAT,,17-20256,ALS WRG,Anonymous,,SPT00175,ahraehaer,,ALS-MEL,5181892,REG,WATER,WATER,,MS Total Metals,MS Total Metals - Low Level,26/05/2017 10:45,26/05/2017 15:25,26/05/2017 15:25,30/05/2017 11:35,,PB,W=W-MSTOT-L/PBm_V5,<0.001,mg/L,,,,,,,,<0.001,,N,,,AUTHORISED,,,,,0,,","
3,Bobby,MW-W&E,STREAMWAT,,17-20256,ALS WRG,Anonymous,,SPT00175,ahraehaer,,ALS-MEL,5181892,REG,WATER,WATER,,MS Total Metals,MS Total Metals - Low Level,26/05/2017 10:45,26/05/2017 15:25,26/05/2017 15:25,30/05/2017 11:35,,ZN,W=W-MSTOT-L/ZNm_V5,0.017,mg/L,,,,,,,,<0.001,,N,,,AUTHORISED,,,,,0,,","
3,Bobby,MW-W&E,STREAMWAT,,17-20256,ALS WRG,Anonymous,,SPT00175,ahraehaer,,ALS-MEL,5181892,REG,WATER,WATER,,NH3 as N (LL),Ammonia as N (L),26/05/2017 10:45,26/05/2017 15:25,26/05/2017 15:25,30/05/2017 14:02,,AMMONIA_LL,W=W-NH3-LL/AMMONIA_LLm_V2,0.042,mg N / L,,,,,,,,<0.002,,N,,,AUTHORISED,,,,,0,,","
3,Bobby,MW-W&E,STREAMWAT,,17-20256,ALS WRG,Anonymous,,SPT00175,ahraehaer,,ALS-MEL,5181892,REG,WATER,WATER,,NO2 as N (SFA),Nitrite as N,26/05/2017 10:45,26/05/2017 15:25,26/05/2017 15:25,30/05/2017 14:04,,NITRITE,W=W-NO2-L/NITRITEm_V1,0.021,mg N / L,,,,,,,,<0.002,,N,,,AUTHORISED,,,,,0,,","
3,Bobby,MW-W&E,STREAMWAT,,17-20256,ALS WRG,Anonymous,,SPT00175,ahraehaer,,ALS-MEL,5181892,REG,WATER,WATER,,NO3 as N (SFA),Nitrate as N,26/05/2017 10:45,26/05/2017 15:25,26/05/2017 15:25,30/05/2017 14:06,,NITRATE,W=W-NO3-L/NITRATEm_V4,0.66,mg N / L,,,,,,,,<0.003,,N,,,AUTHORISED,,,,,0,,","
3,Bobby,MW-W&E,STREAMWAT,,17-20256,ALS WRG,Anonymous,,SPT00175,ahraehaer,,ALS-MEL,5181892,REG,WATER,WATER,,pH (Field),pH (Field),26/05/2017 10:45,26/05/2017 15:25,26/05/2017 15:25,29/05/2017 9:29,,PH (FIELD),W=F-PH/PH (FIELD)U_V5,7.5,Units,,,,,,,,,,N,,,AUTHORISED,,,,,0,,","
3,Bobby,MW-W&E,STREAMWAT,,17-20256,ALS WRG,Anonymous,,SPT00175,ahraehaer,,ALS-MEL,5181892,REG,WATER,WATER,,Reactive P (LL-F),"Phosphorus, reactive as P (Filtered)",26/05/2017 10:45,26/05/2017 15:25,26/05/2017 15:25,30/05/2017 14:07,,PHOSPHATE_LL_Filt,W=W-PO4-F-L/PHOSPHATE_LL_Filtm_V1,0.012,mg P / L,,,,,,,,<0.003,,N,,,AUTHORISED,,,,,0,,
3,Bobby,MW-W&E,STREAMWAT,,17-20256,ALS WRG,Anonymous,,SPT00175,ahraehaer,,ALS-MEL,5181892,REG,WATER,WATER,,SS at 104+/- 2°C,SS at 104+/- 2°C,26/05/2017 10:45,26/05/2017 15:25,26/05/2017 15:25,29/05/2017 13:03,,SUS SOLIDS,W=W-SLDSS/SUS SOLIDSm_V3,24,mg/L,,,,,,,,<2,,N,,,AUTHORISED,,,,,0,,","
3,Bobby,MW-W&E,STREAMWAT,,17-20256,ALS WRG,Anonymous,,SPT00175,ahraehaer,,ALS-MEL,5181892,REG,WATER,WATER,,Temp (Field),Field Temperature,26/05/2017 10:45,26/05/2017 15:25,26/05/2017 15:25,29/05/2017 9:29,,TEMPERATURE,W=F-TEMP/TEMPERATURE_V5,13.9,°C,,,,,,,,,,N,,,AUTHORISED,,,,,0,,","
3,Bobby,MW-W&E,STREAMWAT,,17-20256,ALS WRG,Anonymous,,SPT00175,ahraehaer,,ALS-MEL,5181892,REG,WATER,WATER,,TKN (Calc),TKN (Calculation),26/05/2017 10:45,26/05/2017 15:25,26/05/2017 15:25,31/05/2017 14:14,,TKN_TN_CALC,W=W-TKNTNCAL/TKN_TN_CALCm_V1,0.46,mg/L,,,,,,,,<0.01,,N,,,AUTHORISED,,,,,0,,","
3,Bobby,MW-W&E,STREAMWAT,,17-20256,ALS WRG,Anonymous,,SPT00175,ahraehaer,,ALS-MEL,5181892,REG,WATER,WATER,,TN/TP (LL),TN/TP (LL),26/05/2017 10:45,26/05/2017 15:25,26/05/2017 15:25,31/05/2017 12:56,,TN_LL,W=W-TNTP-L/TN_LLm_V1,1.1,mg N / L,,,,,,,,<0.01,,N,,,AUTHORISED,,,,,0,,","
3,Bobby,MW-W&E,STREAMWAT,,17-20256,ALS WRG,Anonymous,,SPT00175,ahraehaer,,ALS-MEL,5181892,REG,WATER,WATER,,TN/TP (LL),TN/TP (LL),26/05/2017 10:45,26/05/2017 15:25,26/05/2017 15:25,31/05/2017 12:56,,TOTAL_P_LL,W=W-TNTP-L/TOTAL_P_LLm_V1,0.027,mg P / L,,,,,,,,<0.005,,N,,,AUTHORISED,,,,,0,,","
3,Bobby,MW-W&E,STREAMWAT,,17-20256,ALS WRG,Anonymous,,SPT00175,ahraehaer,,ALS-MEL,5181892,REG,WATER,WATER,,Turbidity (Field),Turbidity (Field),26/05/2017 10:45,26/05/2017 15:25,26/05/2017 15:25,29/05/2017 9:29,,TURBIDITY (FIELD),W=F-TURBID/TURBIDITY (FIELD)_V4,30,NTU,,,,,,,,<1,,N,,,AUTHORISED,,,,,0,,","
3,Bobby,MW-W&E,STREAMWAT,,17-20256,ALS WRG,Anonymous,,SPT00175,ahraehaer,,ALS-MEL,5181892,REG,WATER,WATER,,Water Flow,Water Flow,26/05/2017 10:45,26/05/2017 15:25,26/05/2017 15:25,29/05/2017 9:29,,FLOW(DAY)-MLDAY,W=F-FLOW/FLOW(DAY)-MLDAYM_V5,Low,ML/day,,,,,,,,,,N,,,AUTHORISED,,,,,0,,","
3,Bobby,MW-W&E,STREAMWAT,,17-20256,ALS WRG,Anonymous,,SPT00135,ahraehaer,,,,,,,,,,,,,,,,,,,,,,,,,,,,,,,,,,,,,,
OVERGROWN NOT SAMPLING,,ALS-MEL,5181894,REG,WATER,WATER,,Water Flow,Water Flow,26/05/2017 11:20,26/05/2017 16:27,26/05/2017 16:27,29/05/2017 9:29,,FLOW(DAY)-MLDAY,W=F-FLOW/FLOW(DAY)-MLDAYM_V5,0,ML/day,,,,,,,,,,N,,,AUTHORISED,,,,,0,overgrown,",",,,,,,,,,,
3,Bobby,MW-W&E,STREAMWAT,,17-20256,ALS WRG,Anonymous,,SPT00125,some place,,ALS-MEL,5181895,REG,WATER,WATER,,Colilert (2000),Colilert MPN,26/05/2017 11:30,26/05/2017 15:25,26/05/2017 15:25,27/05/2017 12:40,,E COLI(C),W=W-COLILERT/E COLI(C)_V5,150,orgs/100mL,,,,,,,,0,,N,,,AUTHORISED,,,,,0,,","
3,Bobby,MW-W&E,STREAMWAT,,17-20256,ALS WRG,Anonymous,,SPT00125,some place,,ALS-MEL,5181895,REG,WATER,WATER,,DO (Field),Dissolved Oxygen (Field),26/05/2017 11:30,26/05/2017 15:25,26/05/2017 15:25,29/05/2017 9:29,,DISSOLVED OXYGEN,W=F-DO/DISSOLVED OXYGENm_V6,6.78,mg/L,,,,,,,,<0.5,,N,,,AUTHORISED,,,,,0,,","
3,Bobby,MW-W&E,STREAMWAT,,17-20256,ALS WRG,Anonymous,,SPT00125,some place,,ALS-MEL,5181895,REG,WATER,WATER,,DO (Field),Dissolved Oxygen (Field),26/05/2017 11:30,26/05/2017 15:25,26/05/2017 15:25,29/05/2017 9:29,,DO PERCENT,W=F-DO/DO PERCENT_V6,64.7,%,,,,,,,,<5,,N,,,AUTHORISED,,,,,0,,","
3,Bobby,MW-W&E,STREAMWAT,,17-20256,ALS WRG,Anonymous,,SPT00125,some place,,ALS-MEL,5181895,REG,WATER,WATER,,EC (Field),Electrical Conductivity (Field),26/05/2017 11:30,26/05/2017 15:25,26/05/2017 15:25,29/05/2017 9:29,,ELECTRICAL CONDUCTIVITY (FIELD),W=F-EC/ELECTRICAL CONDUCTIVITY (FIELD)u_V5,950,uS/cm,,,,,,,,<10,,N,,,AUTHORISED,,,,,0,,","
3,Bobby,MW-W&E,STREAMWAT,,17-20256,ALS WRG,Anonymous,,SPT00125,some place,,ALS-MEL,5181895,REG,WATER,WATER,,Gauge,Gauge Height,26/05/2017 11:30,26/05/2017 15:25,26/05/2017 15:25,29/05/2017 9:29,,GAUGE HEIGHT,W=F-GAUGE/GAUGE HEIGHTM_V3,NR,M,,,,,,,,,,N,,NREQ,AUTHORISED,,,,,0,,","
3,Bobby,MW-W&E,STREAMWAT,,17-20256,ALS WRG,Anonymous,,SPT00125,some place,,ALS-MEL,5181895,REG,WATER,WATER,,MS Total Metals,MS Total Metals - Low Level,26/05/2017 11:30,26/05/2017 15:25,26/05/2017 15:25,30/05/2017 11:35,,AS,W=W-MSTOT-L/ASm_V5,<0.001,mg/L,,,,,,,,<0.001,,N,,,AUTHORISED,,,,,0,,","
3,Bobby,MW-W&E,STREAMWAT,,17-20256,ALS WRG,Anonymous,,SPT00125,some place,,ALS-MEL,5181895,REG,WATER,WATER,,MS Total Metals,MS Total Metals - Low Level,26/05/2017 11:30,26/05/2017 15:25,26/05/2017 15:25,30/05/2017 11:35,,CD,W=W-MSTOT-L/CDm_V5,<0.0002,mg/L,,,,,,,,<0.0002,,N,,,AUTHORISED,,,,,0,,","
3,Bobby,MW-W&E,STREAMWAT,,17-20256,ALS WRG,Anonymous,,SPT00125,some place,,ALS-MEL,5181895,REG,WATER,WATER,,MS Total Metals,MS Total Metals - Low Level,26/05/2017 11:30,26/05/2017 15:25,26/05/2017 15:25,30/05/2017 11:35,,CR,W=W-MSTOT-L/CRm_V5,0.002,mg/L,,,,,,,,<0.001,,N,,,AUTHORISED,,,,,0,,","
3,Bobby,MW-W&E,STREAMWAT,,17-20256,ALS WRG,Anonymous,,SPT00125,some place,,ALS-MEL,5181895,REG,WATER,WATER,,MS Total Metals,MS Total Metals - Low Level,26/05/2017 11:30,26/05/2017 15:25,26/05/2017 15:25,30/05/2017 11:35,,CU,W=W-MSTOT-L/CUm_V5,0.002,mg/L,,,,,,,,<0.001,,N,,,AUTHORISED,,,,,0,,","
3,Bobby,MW-W&E,STREAMWAT,,17-20256,ALS WRG,Anonymous,,SPT00125,some place,,ALS-MEL,5181895,REG,WATER,WATER,,MS Total Metals,MS Total Metals - Low Level,26/05/2017 11:30,26/05/2017 15:25,26/05/2017 15:25,30/05/2017 11:35,,NI,W=W-MSTOT-L/NIm_V5,0.002,mg/L,,,,,,,,<0.001,,N,,,AUTHORISED,,,,,0,,","
3,Bobby,MW-W&E,STREAMWAT,,17-20256,ALS WRG,Anonymous,,SPT00125,some place,,ALS-MEL,5181895,REG,WATER,WATER,,MS Total Metals,MS Total Metals - Low Level,26/05/2017 11:30,26/05/2017 15:25,26/05/2017 15:25,30/05/2017 11:35,,PB,W=W-MSTOT-L/PBm_V5,<0.001,mg/L,,,,,,,,<0.001,,N,,,AUTHORISED,,,,,0,,","
3,Bobby,MW-W&E,STREAMWAT,,17-20256,ALS WRG,Anonymous,,SPT00125,some place,,ALS-MEL,5181895,REG,WATER,WATER,,MS Total Metals,MS Total Metals - Low Level,26/05/2017 11:30,26/05/2017 15:25,26/05/2017 15:25,30/05/2017 11:35,,ZN,W=W-MSTOT-L/ZNm_V5,0.003,mg/L,,,,,,,,<0.001,,N,,,AUTHORISED,,,,,0,,","
3,Bobby,MW-W&E,STREAMWAT,,17-20256,ALS WRG,Anonymous,,SPT00125,some place,,ALS-MEL,5181895,REG,WATER,WATER,,NH3 as N (LL),Ammonia as N (L),26/05/2017 11:30,26/05/2017 15:25,26/05/2017 15:25,30/05/2017 14:02,,AMMONIA_LL,W=W-NH3-LL/AMMONIA_LLm_V2,<0.002,mg N / L,,,,,,,,<0.002,,N,,,AUTHORISED,,,,,0,,","
3,Bobby,MW-W&E,STREAMWAT,,17-20256,ALS WRG,Anonymous,,SPT00125,some place,,ALS-MEL,5181895,REG,WATER,WATER,,NO2 as N (SFA),Nitrite as N,26/05/2017 11:30,26/05/2017 15:25,26/05/2017 15:25,30/05/2017 14:04,,NITRITE,W=W-NO2-L/NITRITEm_V1,0.003,mg N / L,,,,,,,,<0.002,,N,,,AUTHORISED,,,,,0,,","
3,Bobby,MW-W&E,STREAMWAT,,17-20256,ALS WRG,Anonymous,,SPT00125,some place,,ALS-MEL,5181895,REG,WATER,WATER,,NO3 as N (SFA),Nitrate as N,26/05/2017 11:30,26/05/2017 15:25,26/05/2017 15:25,30/05/2017 14:06,,NITRATE,W=W-NO3-L/NITRATEm_V4,0.03,mg N / L,,,,,,,,<0.003,,N,,,AUTHORISED,,,,,0,,","
3,Bobby,MW-W&E,STREAMWAT,,17-20256,ALS WRG,Anonymous,,SPT00125,some place,,ALS-MEL,5181895,REG,WATER,WATER,,pH (Field),pH (Field),26/05/2017 11:30,26/05/2017 15:25,26/05/2017 15:25,29/05/2017 9:29,,PH (FIELD),W=F-PH/PH (FIELD)U_V5,7.5,Units,,,,,,,,,,N,,,AUTHORISED,,,,,0,,","
3,Bobby,MW-W&E,STREAMWAT,,17-20256,ALS WRG,Anonymous,,SPT00125,some place,,ALS-MEL,5181895,REG,WATER,WATER,,Reactive P (LL-F),"Phosphorus, reactive as P (Filtered)",26/05/2017 11:30,26/05/2017 15:25,26/05/2017 15:25,30/05/2017 14:07,,PHOSPHATE_LL_Filt,W=W-PO4-F-L/PHOSPHATE_LL_Filtm_V1,0.009,mg P / L,,,,,,,,<0.003,,N,,,AUTHORISED,,,,,0,,
3,Bobby,MW-W&E,STREAMWAT,,17-20256,ALS WRG,Anonymous,,SPT00125,some place,,ALS-MEL,5181895,REG,WATER,WATER,,SS at 104+/- 2°C,SS at 104+/- 2°C,26/05/2017 11:30,26/05/2017 15:25,26/05/2017 15:25,29/05/2017 13:03,,SUS SOLIDS,W=W-SLDSS/SUS SOLIDSm_V3,18,mg/L,,,,,,,,<2,,N,,,AUTHORISED,,,,,0,,","
3,Bobby,MW-W&E,STREAMWAT,,17-20256,ALS WRG,Anonymous,,SPT00125,some place,,ALS-MEL,5181895,REG,WATER,WATER,,Temp (Field),Field Temperature,26/05/2017 11:30,26/05/2017 15:25,26/05/2017 15:25,29/05/2017 9:29,,TEMPERATURE,W=F-TEMP/TEMPERATURE_V5,12.6,°C,,,,,,,,,,N,,,AUTHORISED,,,,,0,,","
3,Bobby,MW-W&E,STREAMWAT,,17-20256,ALS WRG,Anonymous,,SPT00125,some place,,ALS-MEL,5181895,REG,WATER,WATER,,TKN (Calc),TKN (Calculation),26/05/2017 11:30,26/05/2017 15:25,26/05/2017 15:25,31/05/2017 14:14,,TKN_TN_CALC,W=W-TKNTNCAL/TKN_TN_CALCm_V1,0.64,mg/L,,,,,,,,<0.01,,N,,,AUTHORISED,,,,,0,,","
3,Bobby,MW-W&E,STREAMWAT,,17-20256,ALS WRG,Anonymous,,SPT00125,some place,,ALS-MEL,5181895,REG,WATER,WATER,,TN/TP (LL),TN/TP (LL),26/05/2017 11:30,26/05/2017 15:25,26/05/2017 15:25,31/05/2017 12:56,,TN_LL,W=W-TNTP-L/TN_LLm_V1,0.68,mg N / L,,,,,,,,<0.01,,N,,,AUTHORISED,,,,,0,,","
3,Bobby,MW-W&E,STREAMWAT,,17-20256,ALS WRG,Anonymous,,SPT00125,some place,,ALS-MEL,5181895,REG,WATER,WATER,,TN/TP (LL),TN/TP (LL),26/05/2017 11:30,26/05/2017 15:25,26/05/2017 15:25,31/05/2017 12:56,,TOTAL_P_LL,W=W-TNTP-L/TOTAL_P_LLm_V1,0.022,mg P / L,,,,,,,,<0.005,,N,,,AUTHORISED,,,,,0,,","
3,Bobby,MW-W&E,STREAMWAT,,17-20256,ALS WRG,Anonymous,,SPT00125,some place,,ALS-MEL,5181895,REG,WATER,WATER,,Turbidity (Field),Turbidity (Field),26/05/2017 11:30,26/05/2017 15:25,26/05/2017 15:25,29/05/2017 9:29,,TURBIDITY (FIELD),W=F-TURBID/TURBIDITY (FIELD)_V4,38,NTU,,,,,,,,<1,,N,,,AUTHORISED,,,,,0,,","
3,Bobby,MW-W&E,STREAMWAT,,17-20256,ALS WRG,Anonymous,,SPT00125,some place,,ALS-MEL,5181895,REG,WATER,WATER,,Water Flow,Water Flow,26/05/2017 11:30,26/05/2017 15:25,26/05/2017 15:25,29/05/2017 9:29,,FLOW(DAY)-MLDAY,W=F-FLOW/FLOW(DAY)-MLDAYM_V5,Low,ML/day,,,,,,,,,,N,,,AUTHORISED,,,,,0,,","
3,Bobby,MW-W&E,STREAMWAT,,17-20256,ALS WRG,Anonymous,,SPT00219,some place,,ALS-MEL,5181897,REG,WATER,WATER,,Colilert (2000),Colilert MPN,26/05/2017 12:05,26/05/2017 15:25,26/05/2017 15:25,27/05/2017 12:40,,E COLI(C),W=W-COLILERT/E COLI(C)_V5,230,orgs/100mL,,,,,,,,0,,N,,,AUTHORISED,,,,,0,,","
3,Bobby,MW-W&E,STREAMWAT,,17-20256,ALS WRG,Anonymous,,SPT00219,some place,,ALS-MEL,5181897,REG,WATER,WATER,,DO (Field),Dissolved Oxygen (Field),26/05/2017 12:05,26/05/2017 15:25,26/05/2017 15:25,29/05/2017 9:29,,DISSOLVED OXYGEN,W=F-DO/DISSOLVED OXYGENm_V6,8.47,mg/L,,,,,,,,<0.5,,N,,,AUTHORISED,,,,,0,,","
3,Bobby,MW-W&E,STREAMWAT,,17-20256,ALS WRG,Anonymous,,SPT00219,some place,,ALS-MEL,5181897,REG,WATER,WATER,,DO (Field),Dissolved Oxygen (Field),26/05/2017 12:05,26/05/2017 15:25,26/05/2017 15:25,29/05/2017 9:29,,DO PERCENT,W=F-DO/DO PERCENT_V6,81.5,%,,,,,,,,<5,,N,,,AUTHORISED,,,,,0,,","
3,Bobby,MW-W&E,STREAMWAT,,17-20256,ALS WRG,Anonymous,,SPT00219,some place,,ALS-MEL,5181897,REG,WATER,WATER,,EC (Field),Electrical Conductivity (Field),26/05/2017 12:05,26/05/2017 15:25,26/05/2017 15:25,29/05/2017 9:29,,ELECTRICAL CONDUCTIVITY (FIELD),W=F-EC/ELECTRICAL CONDUCTIVITY (FIELD)u_V5,410,uS/cm,,,,,,,,<10,,N,,,AUTHORISED,,,,,0,,","
3,Bobby,MW-W&E,STREAMWAT,,17-20256,ALS WRG,Anonymous,,SPT00219,some place,,ALS-MEL,5181897,REG,WATER,WATER,,Gauge,Gauge Height,26/05/2017 12:05,26/05/2017 15:25,26/05/2017 15:25,29/05/2017 9:29,,GAUGE HEIGHT,W=F-GAUGE/GAUGE HEIGHTM_V3,0.2,M,,,,,,,,,,N,,,AUTHORISED,,,,,0,,","
3,Bobby,MW-W&E,STREAMWAT,,17-20256,ALS WRG,Anonymous,,SPT00219,some place,,ALS-MEL,5181897,REG,WATER,WATER,,MS Total Metals,MS Total Metals - Low Level,26/05/2017 12:05,26/05/2017 15:25,26/05/2017 15:25,30/05/2017 11:35,,AS,W=W-MSTOT-L/ASm_V5,<0.001,mg/L,,,,,,,,<0.001,,N,,,AUTHORISED,,,,,0,,","
3,Bobby,MW-W&E,STREAMWAT,,17-20256,ALS WRG,Anonymous,,SPT00219,some place,,ALS-MEL,5181897,REG,WATER,WATER,,MS Total Metals,MS Total Metals - Low Level,26/05/2017 12:05,26/05/2017 15:25,26/05/2017 15:25,30/05/2017 11:35,,CD,W=W-MSTOT-L/CDm_V5,<0.0002,mg/L,,,,,,,,<0.0002,,N,,,AUTHORISED,,,,,0,,","
3,Bobby,MW-W&E,STREAMWAT,,17-20256,ALS WRG,Anonymous,,SPT00219,some place,,ALS-MEL,5181897,REG,WATER,WATER,,MS Total Metals,MS Total Metals - Low Level,26/05/2017 12:05,26/05/2017 15:25,26/05/2017 15:25,30/05/2017 11:35,,CR,W=W-MSTOT-L/CRm_V5,<0.001,mg/L,,,,,,,,<0.001,,N,,,AUTHORISED,,,,,0,,","
3,Bobby,MW-W&E,STREAMWAT,,17-20256,ALS WRG,Anonymous,,SPT00219,some place,,ALS-MEL,5181897,REG,WATER,WATER,,MS Total Metals,MS Total Metals - Low Level,26/05/2017 12:05,26/05/2017 15:25,26/05/2017 15:25,30/05/2017 11:35,,CU,W=W-MSTOT-L/CUm_V5,0.001,mg/L,,,,,,,,<0.001,,N,,,AUTHORISED,,,,,0,,","
3,Bobby,MW-W&E,STREAMWAT,,17-20256,ALS WRG,Anonymous,,SPT00219,some place,,ALS-MEL,5181897,REG,WATER,WATER,,MS Total Metals,MS Total Metals - Low Level,26/05/2017 12:05,26/05/2017 15:25,26/05/2017 15:25,30/05/2017 11:35,,NI,W=W-MSTOT-L/NIm_V5,0.001,mg/L,,,,,,,,<0.001,,N,,,AUTHORISED,,,,,0,,","
3,Bobby,MW-W&E,STREAMWAT,,17-20256,ALS WRG,Anonymous,,SPT00219,some place,,ALS-MEL,5181897,REG,WATER,WATER,,MS Total Metals,MS Total Metals - Low Level,26/05/2017 12:05,26/05/2017 15:25,26/05/2017 15:25,30/05/2017 11:35,,PB,W=W-MSTOT-L/PBm_V5,<0.001,mg/L,,,,,,,,<0.001,,N,,,AUTHORISED,,,,,0,,","
3,Bobby,MW-W&E,STREAMWAT,,17-20256,ALS WRG,Anonymous,,SPT00219,some place,,ALS-MEL,5181897,REG,WATER,WATER,,MS Total Metals,MS Total Metals - Low Level,26/05/2017 12:05,26/05/2017 15:25,26/05/2017 15:25,30/05/2017 11:35,,ZN,W=W-MSTOT-L/ZNm_V5,0.012,mg/L,,,,,,,,<0.001,,N,,,AUTHORISED,,,,,0,,","
3,Bobby,MW-W&E,STREAMWAT,,17-20256,ALS WRG,Anonymous,,SPT00219,some place,,ALS-MEL,5181897,REG,WATER,WATER,,NH3 as N (LL),Ammonia as N (L),26/05/2017 12:05,26/05/2017 15:25,26/05/2017 15:25,30/05/2017 14:02,,AMMONIA_LL,W=W-NH3-LL/AMMONIA_LLm_V2,<0.002,mg N / L,,,,,,,,<0.002,,N,,,AUTHORISED,,,,,0,,","
3,Bobby,MW-W&E,STREAMWAT,,17-20256,ALS WRG,Anonymous,,SPT00219,some place,,ALS-MEL,5181897,REG,WATER,WATER,,NO2 as N (SFA),Nitrite as N,26/05/2017 12:05,26/05/2017 15:25,26/05/2017 15:25,30/05/2017 14:04,,NITRITE,W=W-NO2-L/NITRITEm_V1,0.005,mg N / L,,,,,,,,<0.002,,N,,,AUTHORISED,,,,,0,,","
3,Bobby,MW-W&E,STREAMWAT,,17-20256,ALS WRG,Anonymous,,SPT00219,some place,,ALS-MEL,5181897,REG,WATER,WATER,,NO3 as N (SFA),Nitrate as N,26/05/2017 12:05,26/05/2017 15:25,26/05/2017 15:25,30/05/2017 14:06,,NITRATE,W=W-NO3-L/NITRATEm_V4,0.037,mg N / L,,,,,,,,<0.003,,N,,,AUTHORISED,,,,,0,,","
3,Bobby,MW-W&E,STREAMWAT,,17-20256,ALS WRG,Anonymous,,SPT00219,some place,,ALS-MEL,5181897,REG,WATER,WATER,,pH (Field),pH (Field),26/05/2017 12:05,26/05/2017 15:25,26/05/2017 15:25,29/05/2017 9:29,,PH (FIELD),W=F-PH/PH (FIELD)U_V5,7.6,Units,,,,,,,,,,N,,,AUTHORISED,,,,,0,,","
3,Bobby,MW-W&E,STREAMWAT,,17-20256,ALS WRG,Anonymous,,SPT00219,some place,,ALS-MEL,5181897,REG,WATER,WATER,,Reactive P (LL-F),"Phosphorus, reactive as P (Filtered)",26/05/2017 12:05,26/05/2017 15:25,26/05/2017 15:25,30/05/2017 14:07,,PHOSPHATE_LL_Filt,W=W-PO4-F-L/PHOSPHATE_LL_Filtm_V1,0.003,mg P / L,,,,,,,,<0.003,,N,,,AUTHORISED,,,,,0,,
3,Bobby,MW-W&E,STREAMWAT,,17-20256,ALS WRG,Anonymous,,SPT00219,some place,,ALS-MEL,5181897,REG,WATER,WATER,,SS at 104+/- 2°C,SS at 104+/- 2°C,26/05/2017 12:05,26/05/2017 15:25,26/05/2017 15:25,29/05/2017 13:03,,SUS SOLIDS,W=W-SLDSS/SUS SOLIDSm_V3,5,mg/L,,,,,,,,<2,,N,,,AUTHORISED,,,,,0,,","
3,Bobby,MW-W&E,STREAMWAT,,17-20256,ALS WRG,Anonymous,,SPT00219,some place,,ALS-MEL,5181897,REG,WATER,WATER,,Temp (Field),Field Temperature,26/05/2017 12:05,26/05/2017 15:25,26/05/2017 15:25,29/05/2017 9:29,,TEMPERATURE,W=F-TEMP/TEMPERATURE_V5,13.5,°C,,,,,,,,,,N,,,AUTHORISED,,,,,0,,","
3,Bobby,MW-W&E,STREAMWAT,,17-20256,ALS WRG,Anonymous,,SPT00219,some place,,ALS-MEL,5181897,REG,WATER,WATER,,TKN (Calc),TKN (Calculation),26/05/2017 12:05,26/05/2017 15:25,26/05/2017 15:25,31/05/2017 14:14,,TKN_TN_CALC,W=W-TKNTNCAL/TKN_TN_CALCm_V1,0.28,mg/L,,,,,,,,<0.01,,N,,,AUTHORISED,,,,,0,,","
3,Bobby,MW-W&E,STREAMWAT,,17-20256,ALS WRG,Anonymous,,SPT00219,some place,,ALS-MEL,5181897,REG,WATER,WATER,,TN/TP (LL),TN/TP (LL),26/05/2017 12:05,26/05/2017 15:25,26/05/2017 15:25,31/05/2017 12:56,,TN_LL,W=W-TNTP-L/TN_LLm_V1,0.32,mg N / L,,,,,,,,<0.01,,N,,,AUTHORISED,,,,,0,,","
3,Bobby,MW-W&E,STREAMWAT,,17-20256,ALS WRG,Anonymous,,SPT00219,some place,,ALS-MEL,5181897,REG,WATER,WATER,,TN/TP (LL),TN/TP (LL),26/05/2017 12:05,26/05/2017 15:25,26/05/2017 15:25,31/05/2017 12:56,,TOTAL_P_LL,W=W-TNTP-L/TOTAL_P_LLm_V1,0.011,mg P / L,,,,,,,,<0.005,,N,,,AUTHORISED,,,,,0,,","
3,Bobby,MW-W&E,STREAMWAT,,17-20256,ALS WRG,Anonymous,,SPT00219,some place,,ALS-MEL,5181897,REG,WATER,WATER,,Turbidity (Field),Turbidity (Field),26/05/2017 12:05,26/05/2017 15:25,26/05/2017 15:25,29/05/2017 9:29,,TURBIDITY (FIELD),W=F-TURBID/TURBIDITY (FIELD)_V4,14,NTU,,,,,,,,<1,,N,,,AUTHORISED,,,,,0,,","
3,Bobby,MW-W&E,STREAMWAT,,17-20256,ALS WRG,Anonymous,,SPT00219,some place,,ALS-MEL,5181897,REG,WATER,WATER,,Water Flow,Water Flow,26/05/2017 12:05,26/05/2017 15:25,26/05/2017 15:25,29/05/2017 9:29,,FLOW(DAY)-MLDAY,W=F-FLOW/FLOW(DAY)-MLDAYM_V5,Low,ML/day,,,,,,,,,,N,,,AUTHORISED,,,,,0,,","
3,Bobby,MW-W&E,STREAMWAT,,17-20256,ALS WRG,Anonymous,,SPT00218,some place,,,,,,,,,,,,,,,,,,,,,,,,,,,,,,,,,,,,,,
OVERGROWN NOT SAMPLING,,ALS-MEL,5181898,REG,WATER,WATER,,Water Flow,Water Flow,26/05/2017 11:35,26/05/2017 16:27,26/05/2017 16:27,29/05/2017 9:29,,FLOW(DAY)-MLDAY,W=F-FLOW/FLOW(DAY)-MLDAYM_V5,0,ML/day,,,,,,,,,,N,,,AUTHORISED,,,,,0,overgrown,",",,,,,,,,,,
